Workbook
Name ПЛАНОВЫЕ: [1]Лист1!$J$23:$J$23
Name ПРОСТОИ: [1]Лист1!$J$9:$J$14
Name ПРОСТОЙ: [1]Лист1!$J$23:$J$23

Sheet СВОД
B1: Линия №3
B2: Смена | C2: Показатель | E2: Ед. изм. | F2: ИТОГО | G2: 1 | H2: 2 | I2: 3 | J2: 4 | K2: 5 | L2: 6 | M2: 7 | N2: 8 | O2: 9 | P2: 10 | Q2: 11 | R2: 12 | S2: 13 | T2: 14 | U2: 15 | V2: 16 | W2: 17 | X2: 18 | Y2: 19 | Z2: 20 | AA2: 21 | AB2: 22 | AC2: 23 | AD2: 24 | AE2: 25 | AF2: 26 | AG2: 27 | AH2: 28 | AI2: 29 | AJ2: 30 | AK2: 31
B3: ДЕНЬ | C3: Факт выпуска | E3: шт | F3: =SUM(G3:AK3) -> #REF! | G3: =SUM('1'!$K$21:$K$32) -> 40217 | H3: =SUM('2'!$K$21:$K$32) -> 35009 | I3: =SUM('3'!$K$21:$K$32) -> 14097 | J3: =SUM('4'!$K$21:$K$32) -> 31467 | K3: =SUM('5'!$K$21:$K$32) -> 33338 | L3: =SUM('6'!$K$21:$K$32) -> 11347 | M3: =SUM('7'!$K$21:$K$32) -> 32500 | N3: =SUM('8'!$K$21:$K$32) -> 7980 | O3: =SUM('9'!$K$21:$K$32) -> 30591 | P3: =SUM('10'!$K$21:$K$32) -> 17935 | Q3: =SUM('11'!$K$21:$K$32) -> 23600 | R3: =SUM('12'!$K$21:$K$32) -> 21044 | S3: =SUM('13'!$K$21:$K$32) -> 26388 | T3: =SUM('14'!$K$21:$K$32) -> 10386 | U3: =SUM('15'!$K$21:$K$32) -> 33480 | V3: =SUM('16'!$K$21:$K$32) -> 2529 | W3: =SUM('17'!$K$21:$K$32) -> 14730 | X3: =SUM('18'!$K$21:$K$32) -> 18677 | Y3: =SUM('19'!$K$21:$K$32) -> 37300 | Z3: =SUM('20'!$K$21:$K$32) -> 0 | AA3: =SUM(#REF!) -> #REF! | AB3: =SUM(#REF!) -> #REF! | AC3: =SUM(#REF!) -> #REF! | AD3: =SUM(#REF!) -> #REF! | AE3: =SUM(#REF!) -> #REF! | AF3: =SUM(#REF!) -> #REF! | AG3: =SUM(#REF!) -> #REF! | AH3: =SUM(#REF!) -> #REF! | ... AK3: =SUM(#REF!) -> #REF!
C4: Продуктивное время | E4: мин | F4: =SUM(G4:AK4) -> #REF! | G4: =SUM('1'!$F$21:$F$32) -> 603.255 | H4: =SUM('2'!$F$21:$F$32) -> 567.71351 | I4: =SUM('3'!$F$21:$F$32) -> 228.6 | J4: =SUM('4'!$F$21:$F$32) -> 410.43913 | K4: =SUM('5'!$F$21:$F$32) -> 500.07 | L4: =SUM('6'!$F$21:$F$32) -> 170.205 | M4: =SUM('7'!$F$21:$F$32) -> 423.91304 | N4: =SUM('8'!$F$21:$F$32) -> 129.40541 | O4: =SUM('9'!$F$21:$F$32) -> 458.865 | P4: =SUM('10'!$F$21:$F$32) -> 290.83784 | Q4: =SUM('11'!$F$21:$F$32) -> 307.82609 | R4: =SUM('12'!$F$21:$F$32) -> 210.44 | S4: =SUM('13'!$F$21:$F$32) -> 427.91351 | T4: =SUM('14'!$F$21:$F$32) -> 168.42162 | U4: =SUM('15'!$F$21:$F$32) -> 542.91892 | V4: =SUM('16'!$F$21:$F$32) -> 37.935 | W4: =SUM('17'!$F$21:$F$32) -> 238.86486 | X4: =SUM('18'!$F$21:$F$32) -> 280.155 | Y4: =SUM('19'!$F$21:$F$32) -> 486.52174 | Z4: =SUM('20'!$F$21:$F$32) -> 0 | AA4: =SUM(#REF!) -> #REF! | AB4: =SUM(#REF!) -> #REF! | AC4: =SUM(#REF!) -> #REF! | AD4: =SUM(#REF!) -> #REF! | AE4: =SUM(#REF!) -> #REF! | AF4: =SUM(#REF!) -> #REF! | AG4: =SUM(#REF!) -> #REF! | AH4: =SUM(#REF!) -> #REF! | ... AK4: =SUM(#REF!) -> #REF!
C5: Факт время | E5: мин | F5: =SUM(G5:AK5) -> #REF! | G5: =SUM('1'!$D$21:$D$32) -> 720 | H5: =SUM('2'!$D$21:$D$32) -> 720 | I5: =SUM('3'!$D$21:$D$32) -> 720 | J5: =SUM('4'!$D$21:$D$32) -> 720 | K5: =SUM('5'!$D$21:$D$32) -> 720 | L5: =SUM('6'!$D$21:$D$32) -> 720 | M5: =SUM('7'!$D$21:$D$32) -> 720 | N5: =SUM('8'!$D$21:$D$32) -> 720 | O5: =SUM('9'!$D$21:$D$32) -> 720 | P5: =SUM('10'!$D$21:$D$32) -> 397 | Q5: =SUM('11'!$D$21:$D$32) -> 720 | R5: =SUM('12'!$D$21:$D$32) -> 720 | S5: =SUM('13'!$D$21:$D$32) -> 720 | T5: =SUM('14'!$D$21:$D$32) -> 720 | U5: =SUM('15'!$D$21:$D$32) -> 720 | V5: =SUM('16'!$D$21:$D$32) -> 720 | W5: =SUM('17'!$D$21:$D$32) -> 720 | X5: =SUM('18'!$D$21:$D$32) -> 720 | Y5: =SUM('19'!$D$21:$D$32) -> 720 | Z5: =SUM('20'!$D$21:$D$32) -> 0 | AA5: =SUM(#REF!) -> #REF! | AB5: =SUM(#REF!) -> #REF! | AC5: =SUM(#REF!) -> #REF! | AD5: =SUM(#REF!) -> #REF! | AE5: =SUM(#REF!) -> #REF! | AF5: =SUM(#REF!) -> #REF! | AG5: =SUM(#REF!) -> #REF! | AH5: =SUM(#REF!) -> #REF! | ... AK5: =SUM(#REF!) -> #REF!
C7: ПРОСТОИ | D7: ПЛАНОВЫЕ | E7: мин | F7: =SUM(G7:AK7) -> #REF! | G7: ='1'!$V19 -> 20 | H7: ='2'!$V19 -> 50 | I7: ='3'!$V19 -> 366 | J7: ='4'!$V19 -> 50 | K7: ='5'!$V19 -> 20 | L7: ='6'!$V19 -> 108 | M7: ='7'!$V19 -> 50 | N7: ='8'!$V19 -> 440 | O7: ='9'!$V19 -> 20 | P7: ='10'!$V19 -> 50 | Q7: ='11'!$V19 -> 190 | R7: ='12'!$V19 -> 80 | S7: ='13'!$V19 -> 56 | T7: ='14'!$V19 -> 60 | U7: ='15'!$V19 -> 50 | V7: ='16'!$V19 -> 243 | W7: ='17'!$V19 -> 260 | X7: ='18'!$V19 -> 390 | Y7: ='19'!$V19 -> 72 | Z7: ='20'!$V19 -> 0 | AA7: =#REF! -> #REF! | AB7: =#REF! -> #REF! | AC7: =#REF! -> #REF! | AD7: =#REF! -> #REF! | AE7: =#REF! -> #REF! | AF7: =#REF! -> #REF! | AG7: =#REF! -> #REF! | AH7: =#REF! -> #REF! | ... AK7: =#REF! -> #REF!
D8: ПРОИЗВОДСТВЕННЫЕ | E8: мин | F8: =SUM(G8:AK8) -> #REF! | G8: ='1'!$V20 -> 0 | H8: ='2'!$V20 -> 0 | I8: ='3'!$V20 -> 0 | J8: ='4'!$V20 -> 15 | K8: ='5'!$V20 -> 15 | L8: ='6'!$V20 -> 0 | M8: ='7'!$V20 -> 0 | N8: ='8'!$V20 -> 0 | O8: ='9'!$V20 -> 0 | P8: ='10'!$V20 -> 0 | Q8: ='11'!$V20 -> 20 | R8: ='12'!$V20 -> 70 | S8: ='13'!$V20 -> 0 | T8: ='14'!$V20 -> 51 | U8: ='15'!$V20 -> 30 | V8: ='16'!$V20 -> 0 | W8: ='17'!$V20 -> 0 | X8: ='18'!$V20 -> 0 | Y8: ='19'!$V20 -> 25 | Z8: ='20'!$V20 -> 0 | AA8: =#REF! -> #REF! | AB8: =#REF! -> #REF! | AC8: =#REF! -> #REF! | AD8: =#REF! -> #REF! | AE8: =#REF! -> #REF! | AF8: =#REF! -> #REF! | AG8: =#REF! -> #REF! | AH8: =#REF! -> #REF! | ... AK8: =#REF! -> #REF!
D9: ТЕХНИЧЕСКИЕ | E9: мин | F9: =SUM(G9:AK9) -> #REF! | G9: ='1'!$V21 -> 110 | H9: ='2'!$V21 -> 60 | I9: ='3'!$V21 -> 137 | J9: ='4'!$V21 -> 185 | K9: ='5'!$V21 -> 198 | L9: ='6'!$V21 -> 480 | M9: ='7'!$V21 -> 5 | N9: ='8'!$V21 -> 75 | O9: ='9'!$V21 -> 120 | P9: ='10'!$V21 -> 27 | Q9: ='11'!$V21 -> 113 | R9: ='12'!$V21 -> 345 | S9: ='13'!$V21 -> 238 | T9: ='14'!$V21 -> 444 | U9: ='15'!$V21 -> 68 | V9: ='16'!$V21 -> 0 | W9: ='17'!$V21 -> 145 | X9: ='18'!$V21 -> 0 | Y9: ='19'!$V21 -> 132 | Z9: ='20'!$V21 -> 0 | AA9: =#REF! -> #REF! | AB9: =#REF! -> #REF! | AC9: =#REF! -> #REF! | AD9: =#REF! -> #REF! | AE9: =#REF! -> #REF! | AF9: =#REF! -> #REF! | AG9: =#REF! -> #REF! | AH9: =#REF! -> #REF! | ... AK9: =#REF! -> #REF!
D10: ТЕХНОЛОГИЧЕСКИЕ | E10: мин | F10: =SUM(G10:AK10) -> #REF! | G10: ='1'!$V22 -> 0 | H10: ='2'!$V22 -> 0 | I10: ='3'!$V22 -> 0 | J10: ='4'!$V22 -> 0 | K10: ='5'!$V22 -> 0 | L10: ='6'!$V22 -> 0 | M10: ='7'!$V22 -> 0 | N10: ='8'!$V22 -> 0 | O10: ='9'!$V22 -> 19 | P10: ='10'!$V22 -> 0 | Q10: ='11'!$V22 -> 0 | R10: ='12'!$V22 -> 0 | S10: ='13'!$V22 -> 0 | T10: ='14'!$V22 -> 0 | U10: ='15'!$V22 -> 0 | V10: ='16'!$V22 -> 0 | W10: ='17'!$V22 -> 0 | X10: ='18'!$V22 -> 0 | Y10: ='19'!$V22 -> 0 | Z10: ='20'!$V22 -> 0 | AA10: =#REF! -> #REF! | AB10: =#REF! -> #REF! | AC10: =#REF! -> #REF! | AD10: =#REF! -> #REF! | AE10: =#REF! -> #REF! | AF10: =#REF! -> #REF! | AG10: =#REF! -> #REF! | AH10: =#REF! -> #REF! | ... AK10: =#REF! -> #REF!
D11: ЛАБОРАТОРНЫЕ | E11: мин | F11: =SUM(G11:AK11) -> #REF! | G11: ='1'!$V23 -> 0 | H11: ='2'!$V23 -> 0 | I11: ='3'!$V23 -> 0 | J11: ='4'!$V23 -> 0 | K11: ='5'!$V23 -> 0 | L11: ='6'!$V23 -> 0 | M11: ='7'!$V23 -> 0 | N11: ='8'!$V23 -> 0 | O11: ='9'!$V23 -> 0 | P11: ='10'!$V23 -> 0 | Q11: ='11'!$V23 -> 7 | R11: ='12'!$V23 -> 0 | S11: ='13'!$V23 -> 0 | T11: ='14'!$V23 -> 10 | U11: ='15'!$V23 -> 0 | V11: ='16'!$V23 -> 10 | W11: ='17'!$V23 -> 0 | X11: ='18'!$V23 -> 0 | Y11: ='19'!$V23 -> 0 | Z11: ='20'!$V23 -> 0 | AA11: =#REF! -> #REF! | AB11: =#REF! -> #REF! | AC11: =#REF! -> #REF! | AD11: =#REF! -> #REF! | AE11: =#REF! -> #REF! | AF11: =#REF! -> #REF! | AG11: =#REF! -> #REF! | AH11: =#REF! -> #REF! | ... AK11: =#REF! -> #REF!
D12: СЫРЬЕВЫЕ | E12: мин | F12: =SUM(G12:AK12) -> #REF! | G12: ='1'!$V24 -> 0 | H12: ='2'!$V24 -> 0 | I12: ='3'!$V24 -> 0 | J12: ='4'!$V24 -> 0 | K12: ='5'!$V24 -> 0 | L12: ='6'!$V24 -> 0 | M12: ='7'!$V24 -> 0 | N12: ='8'!$V24 -> 0 | O12: ='9'!$V24 -> 0 | P12: ='10'!$V24 -> 0 | Q12: ='11'!$V24 -> 0 | R12: ='12'!$V24 -> 0 | S12: ='13'!$V24 -> 0 | T12: ='14'!$V24 -> 0 | U12: ='15'!$V24 -> 0 | V12: ='16'!$V24 -> 0 | W12: ='17'!$V24 -> 0 | X12: ='18'!$V24 -> 0 | Y12: ='19'!$V24 -> 0 | Z12: ='20'!$V24 -> 0 | AA12: =#REF! -> #REF! | AB12: =#REF! -> #REF! | AC12: =#REF! -> #REF! | AD12: =#REF! -> #REF! | AE12: =#REF! -> #REF! | AF12: =#REF! -> #REF! | AG12: =#REF! -> #REF! | AH12: =#REF! -> #REF! | ... AK12: =#REF! -> #REF!
D13: ЛОГИСТИЧЕСКИЕ | E13: мин | F13: =SUM(G13:AK13) -> #REF! | G13: ='1'!$V25 -> 0 | H13: ='2'!$V25 -> 0 | I13: ='3'!$V25 -> 0 | J13: ='4'!$V25 -> 0 | K13: ='5'!$V25 -> 0 | L13: ='6'!$V25 -> 0 | M13: ='7'!$V25 -> 0 | N13: ='8'!$V25 -> 0 | O13: ='9'!$V25 -> 0 | P13: ='10'!$V25 -> 0 | Q13: ='11'!$V25 -> 0 | R13: ='12'!$V25 -> 0 | S13: ='13'!$V25 -> 0 | T13: ='14'!$V25 -> 0 | U13: ='15'!$V25 -> 0 | V13: ='16'!$V25 -> 0 | W13: ='17'!$V25 -> 0 | X13: ='18'!$V25 -> 0 | Y13: ='19'!$V25 -> 0 | Z13: ='20'!$V25 -> 0 | AA13: =#REF! -> #REF! | AB13: =#REF! -> #REF! | AC13: =#REF! -> #REF! | AD13: =#REF! -> #REF! | AE13: =#REF! -> #REF! | AF13: =#REF! -> #REF! | AG13: =#REF! -> #REF! | AH13: =#REF! -> #REF! | ... AK13: =#REF! -> #REF!
D14: ОБЩЕЗАВОДСКИЕ | E14: мин | F14: =SUM(G14:AK14) -> #REF! | G14: ='1'!$V26 -> 0 | H14: ='2'!$V26 -> 0 | I14: ='3'!$V26 -> 0 | J14: ='4'!$V26 -> 0 | K14: ='5'!$V26 -> 0 | L14: ='6'!$V26 -> 0 | M14: ='7'!$V26 -> 218 | N14: ='8'!$V26 -> 80 | O14: ='9'!$V26 -> 0 | P14: ='10'!$V26 -> 0 | Q14: ='11'!$V26 -> 85 | R14: ='12'!$V26 -> 0 | S14: ='13'!$V26 -> 0 | T14: ='14'!$V26 -> 0 | U14: ='15'!$V26 -> 30 | V14: ='16'!$V26 -> 435 | W14: ='17'!$V26 -> 0 | X14: ='18'!$V26 -> 0 | Y14: ='19'!$V26 -> 0 | Z14: ='20'!$V26 -> 0 | AA14: =#REF! -> #REF! | AB14: =#REF! -> #REF! | AC14: =#REF! -> #REF! | AD14: =#REF! -> #REF! | AE14: =#REF! -> #REF! | AF14: =#REF! -> #REF! | AG14: =#REF! -> #REF! | AH14: =#REF! -> #REF! | ... AK14: =#REF! -> #REF!
D15: УСЛОВНЫЕ
D16: ИТОГО | E16: мин | F16: =SUM(F7:F14) -> #REF! | G16: =SUM(G7:G14) -> 130 | H16: =SUM(H7:H14) -> 110 | I16: =SUM(I7:I14) -> 503 | J16: =SUM(J7:J14) -> 250 | K16: =SUM(K7:K14) -> 233 | L16: =SUM(L7:L14) -> 588 | M16: =SUM(M7:M14) -> 273 | ... AK16: =SUM(AK7:AK14) -> #REF!
B18: Смена | C18: Показатель | E18: Ед. изм. | F18: ИТОГО | G18: 1 | H18: 2 | I18: 3 | J18: 4 | K18: 5 | L18: 6 | M18: 7 | N18: 8 | O18: 9 | P18: 10 | Q18: 11 | R18: 12 | S18: 13 | T18: 14 | U18: 15 | V18: 16 | W18: 17 | X18: 18 | Y18: 19 | Z18: 20 | AA18: 21 | AB18: 22 | AC18: 23 | AD18: 24 | AE18: 25 | AF18: 26 | AG18: 27 | AH18: 28 | AI18: 29 | AJ18: 30 | AK18: 31
B19: НОЧЬ | C19: Факт выпуска | E19: шт | F19: =SUM(G19:AK19) -> #REF! | G19: =SUM('1'!$K$136:$K$147) -> 6957 | H19: =SUM('2'!$K$136:$K$147) -> 35000 | I19: =SUM('3'!$K$136:$K$147) -> 25870 | J19: =SUM('4'!$K$136:$K$147) -> 23929 | K19: =SUM('5'!$K$136:$K$147) -> 15813 | L19: =SUM('6'!$K$136:$K$147) -> 24000 | M19: =SUM('7'!$K$136:$K$147) -> 32270 | N19: =SUM('8'!$K$136:$K$147) -> 18417 | O19: =SUM('9'!$K$136:$K$147) -> 17883 | P19: =SUM('10'!$K$136:$K$147) -> 25500 | Q19: =SUM('11'!$K$136:$K$147) -> 7577 | R19: =SUM('12'!$K$136:$K$147) -> 32842 | S19: =SUM('13'!$K$136:$K$147) -> 10424 | T19: =SUM('14'!$K$136:$K$147) -> 25545 | U19: =SUM('15'!$K$136:$K$147) -> 23640 | V19: =SUM('16'!$K$136:$K$147) -> 15845 | W19: =SUM('17'!$K$136:$K$147) -> 39000 | X19: =SUM('18'!$K$136:$K$147) -> 30034 | Y19: =SUM('19'!$K$136:$K$147) -> 26095 | Z19: =SUM('20'!$K$136:$K$147) -> 0 | AA19: =SUM(#REF!) -> #REF! | AB19: =SUM(#REF!) -> #REF! | AC19: =SUM(#REF!) -> #REF! | AD19: =SUM(#REF!) -> #REF! | AE19: =SUM(#REF!) -> #REF! | AF19: =SUM(#REF!) -> #REF! | AG19: =SUM(#REF!) -> #REF! | AH19: =SUM(#REF!) -> #REF! | ... AK19: =SUM(#REF!) -> #REF!
C20: Продуктивное время | E20: мин | F20: =SUM(G20:AK20) -> #REF! | G20: =SUM('1'!$F$136:$F$147) -> 112.81622 | H20: =SUM('2'!$F$136:$F$147) -> 567.56757 | I20: =SUM('3'!$F$136:$F$147) -> 337.43478 | J20: =SUM('4'!$F$136:$F$147) -> 358.935 | K20: =SUM('5'!$F$136:$F$147) -> 237.195 | L20: =SUM('6'!$F$136:$F$147) -> 360 | M20: =SUM('7'!$F$136:$F$147) -> 420.91304 | N20: =SUM('8'!$F$136:$F$147) -> 298.65405 | O20: =SUM('9'!$F$136:$F$147) -> 289.99459 | P20: =SUM('10'!$F$136:$F$147) -> 413.51351 | Q20: =SUM('11'!$F$136:$F$147) -> 98.830435 | R20: =SUM('12'!$F$136:$F$147) -> 532.57297 | S20: =SUM('13'!$F$136:$F$147) -> 169.03784 | T20: =SUM('14'!$F$136:$F$147) -> 414.24324 | U20: =SUM('15'!$F$136:$F$147) -> 236.4 | V20: =SUM('16'!$F$136:$F$147) -> 256.94595 | W20: =SUM('17'!$F$136:$F$147) -> 632.43243 | X20: =SUM('18'!$F$136:$F$147) -> 450.51 | Y20: =SUM('19'!$F$136:$F$147) -> 340.36957 | Z20: =SUM('20'!$F$136:$F$147) -> 0 | AA20: =SUM(#REF!) -> #REF! | AB20: =SUM(#REF!) -> #REF! | AC20: =SUM(#REF!) -> #REF! | AD20: =SUM(#REF!) -> #REF! | AE20: =SUM(#REF!) -> #REF! | AF20: =SUM(#REF!) -> #REF! | AG20: =SUM(#REF!) -> #REF! | AH20: =SUM(#REF!) -> #REF! | ... AK20: =SUM(#REF!) -> #REF!
C21: Факт время | E21: мин | F21: =SUM(G21:AK21) -> #REF! | G21: =SUM('1'!$D$136:$D$147) -> 720 | H21: =SUM('2'!$D$136:$D$147) -> 720 | I21: =SUM('3'!$D$136:$D$147) -> 720 | J21: =SUM('4'!$D$136:$D$147) -> 720 | K21: =SUM('5'!$D$136:$D$147) -> 720 | L21: =SUM('6'!$D$136:$D$147) -> 720 | M21: =SUM('7'!$D$136:$D$147) -> 720 | N21: =SUM('8'!$D$136:$D$147) -> 720 | O21: =SUM('9'!$D$136:$D$147) -> 720 | P21: =SUM('10'!$D$136:$D$147) -> 720 | Q21: =SUM('11'!$D$136:$D$147) -> 720 | R21: =SUM('12'!$D$136:$D$147) -> 720 | S21: =SUM('13'!$D$136:$D$147) -> 720 | T21: =SUM('14'!$D$136:$D$147) -> 720 | U21: =SUM('15'!$D$136:$D$147) -> 720 | V21: =SUM('16'!$D$136:$D$147) -> 720 | W21: =SUM('17'!$D$136:$D$147) -> 720 | X21: =SUM('18'!$D$136:$D$147) -> 720 | Y21: =SUM('19'!$D$136:$D$147) -> 720 | Z21: =SUM('20'!$D$136:$D$147) -> 0 | AA21: =SUM(#REF!) -> #REF! | AB21: =SUM(#REF!) -> #REF! | AC21: =SUM(#REF!) -> #REF! | AD21: =SUM(#REF!) -> #REF! | AE21: =SUM(#REF!) -> #REF! | AF21: =SUM(#REF!) -> #REF! | AG21: =SUM(#REF!) -> #REF! | AH21: =SUM(#REF!) -> #REF! | ... AK21: =SUM(#REF!) -> #REF!
C23: ПРОСТОИ | D23: ПЛАНОВЫЕ | E23: мин | F23: =SUM(G23:AK23) -> #REF! | G23: ='1'!$V134 -> 320 | H23: ='2'!$V134 -> 50 | I23: ='3'!$V134 -> 280 | J23: ='4'!$V134 -> 230 | K23: ='5'!$V134 -> 20 | L23: ='6'!$V134 -> 240 | M23: ='7'!$V134 -> 124 | N23: ='8'!$V134 -> 50 | O23: ='9'!$V134 -> 190 | P23: ='10'!$V134 -> 175 | Q23: ='11'!$V134 -> 0 | R23: ='12'!$V134 -> 30 | S23: ='13'!$V134 -> 240 | T23: ='14'!$V134 -> 50 | U23: ='15'!$V134 -> 348 | V23: ='16'!$V134 -> 244 | W23: ='17'!$V134 -> 60 | X23: ='18'!$V134 -> 259 | Y23: ='19'!$V134 -> 350 | Z23: ='20'!$V134 -> 0 | AA23: =#REF! -> #REF! | AB23: =#REF! -> #REF! | AC23: =#REF! -> #REF! | AD23: =#REF! -> #REF! | AE23: =#REF! -> #REF! | AF23: =#REF! -> #REF! | AG23: =#REF! -> #REF! | AH23: =#REF! -> #REF! | ... AK23: =#REF! -> #REF!
D24: ПРОИЗВОДСТВЕННЫЕ | E24: мин | F24: =SUM(G24:AK24) -> #REF! | G24: ='1'!$V135 -> 0 | H24: ='2'!$V135 -> 14 | I24: ='3'!$V135 -> 0 | J24: ='4'!$V135 -> 0 | K24: ='5'!$V135 -> 0 | L24: ='6'!$V135 -> 0 | M24: ='7'!$V135 -> 0 | N24: ='8'!$V135 -> 0 | O24: ='9'!$V135 -> 0 | P24: ='10'!$V135 -> 16 | Q24: ='11'!$V135 -> 0 | R24: ='12'!$V135 -> 39 | S24: ='13'!$V135 -> 0 | T24: ='14'!$V135 -> 0 | U24: ='15'!$V135 -> 0 | V24: ='16'!$V135 -> 0 | W24: ='17'!$V135 -> 0 | X24: ='18'!$V135 -> 0 | Y24: ='19'!$V135 -> 31 | Z24: ='20'!$V135 -> 0 | AA24: =#REF! -> #REF! | AB24: =#REF! -> #REF! | AC24: =#REF! -> #REF! | AD24: =#REF! -> #REF! | AE24: =#REF! -> #REF! | AF24: =#REF! -> #REF! | AG24: =#REF! -> #REF! | AH24: =#REF! -> #REF! | ... AK24: =#REF! -> #REF!
D25: ТЕХНИЧЕСКИЕ | E25: мин | F25: =SUM(G25:AK25) -> #REF! | G25: ='1'!$V136 -> 245 | H25: ='2'!$V136 -> 66 | I25: ='3'!$V136 -> 60 | J25: ='4'!$V136 -> 90 | K25: ='5'!$V136 -> 500 | L25: ='6'!$V136 -> 15 | M25: ='7'!$V136 -> 0 | N25: ='8'!$V136 -> 262 | O25: ='9'!$V136 -> 180 | P25: ='10'!$V136 -> 64 | Q25: ='11'!$V136 -> 630 | R25: ='12'!$V136 -> 109 | S25: ='13'!$V136 -> 280 | T25: ='14'!$V136 -> 195 | U25: ='15'!$V136 -> 37 | V25: ='16'!$V136 -> 10 | W25: ='17'!$V136 -> 67 | X25: ='18'!$V136 -> 0 | Y25: ='19'!$V136 -> 0 | Z25: ='20'!$V136 -> 0 | AA25: =#REF! -> #REF! | AB25: =#REF! -> #REF! | AC25: =#REF! -> #REF! | AD25: =#REF! -> #REF! | AE25: =#REF! -> #REF! | AF25: =#REF! -> #REF! | AG25: =#REF! -> #REF! | AH25: =#REF! -> #REF! | ... AK25: =#REF! -> #REF!
D26: ТЕХНОЛОГИЧЕСКИЕ | E26: мин | F26: =SUM(G26:AK26) -> #REF! | G26: ='1'!$V137 -> 0 | H26: ='2'!$V137 -> 0 | I26: ='3'!$V137 -> 20 | J26: ='4'!$V137 -> 0 | K26: ='5'!$V137 -> 0 | L26: ='6'!$V137 -> 0 | M26: ='7'!$V137 -> 0 | N26: ='8'!$V137 -> 0 | O26: ='9'!$V137 -> 58 | P26: ='10'!$V137 -> 21 | Q26: ='11'!$V137 -> 0 | R26: ='12'!$V137 -> 0 | S26: ='13'!$V137 -> 0 | T26: ='14'!$V137 -> 15 | U26: ='15'!$V137 -> 0 | V26: ='16'!$V137 -> 0 | W26: ='17'!$V137 -> 0 | X26: ='18'!$V137 -> 0 | Y26: ='19'!$V137 -> 0 | Z26: ='20'!$V137 -> 0 | AA26: =#REF! -> #REF! | AB26: =#REF! -> #REF! | AC26: =#REF! -> #REF! | AD26: =#REF! -> #REF! | AE26: =#REF! -> #REF! | AF26: =#REF! -> #REF! | AG26: =#REF! -> #REF! | AH26: =#REF! -> #REF! | ... AK26: =#REF! -> #REF!
D27: ЛАБОРАТОРНЫЕ | E27: мин | F27: =SUM(G27:AK27) -> #REF! | G27: ='1'!$V138 -> 0 | H27: ='2'!$V138 -> 0 | I27: ='3'!$V138 -> 0 | J27: ='4'!$V138 -> 0 | K27: ='5'!$V138 -> 0 | L27: ='6'!$V138 -> 0 | M27: ='7'!$V138 -> 0 | N27: ='8'!$V138 -> 0 | O27: ='9'!$V138 -> 0 | P27: ='10'!$V138 -> 0 | Q27: ='11'!$V138 -> 0 | R27: ='12'!$V138 -> 0 | S27: ='13'!$V138 -> 0 | T27: ='14'!$V138 -> 0 | U27: ='15'!$V138 -> 0 | V27: ='16'!$V138 -> 0 | W27: ='17'!$V138 -> 0 | X27: ='18'!$V138 -> 0 | Y27: ='19'!$V138 -> 0 | Z27: ='20'!$V138 -> 0 | AA27: =#REF! -> #REF! | AB27: =#REF! -> #REF! | AC27: =#REF! -> #REF! | AD27: =#REF! -> #REF! | AE27: =#REF! -> #REF! | AF27: =#REF! -> #REF! | AG27: =#REF! -> #REF! | AH27: =#REF! -> #REF! | ... AK27: =#REF! -> #REF!
D28: СЫРЬЕВЫЕ | E28: мин | F28: =SUM(G28:AK28) -> #REF! | G28: ='1'!$V139 -> 0 | H28: ='2'!$V139 -> 0 | I28: ='3'!$V139 -> 0 | J28: ='4'!$V139 -> 0 | K28: ='5'!$V139 -> 0 | L28: ='6'!$V139 -> 0 | M28: ='7'!$V139 -> 0 | N28: ='8'!$V139 -> 0 | O28: ='9'!$V139 -> 0 | P28: ='10'!$V139 -> 0 | Q28: ='11'!$V139 -> 0 | R28: ='12'!$V139 -> 0 | S28: ='13'!$V139 -> 0 | T28: ='14'!$V139 -> 0 | U28: ='15'!$V139 -> 0 | V28: ='16'!$V139 -> 0 | W28: ='17'!$V139 -> 0 | X28: ='18'!$V139 -> 0 | Y28: ='19'!$V139 -> 0 | Z28: ='20'!$V139 -> 0 | AA28: =#REF! -> #REF! | AB28: =#REF! -> #REF! | AC28: =#REF! -> #REF! | AD28: =#REF! -> #REF! | AE28: =#REF! -> #REF! | AF28: =#REF! -> #REF! | AG28: =#REF! -> #REF! | AH28: =#REF! -> #REF! | ... AK28: =#REF! -> #REF!
D29: ЛОГИСТИЧЕСКИЕ | E29: мин | F29: =SUM(G29:AK29) -> #REF! | G29: ='1'!$V140 -> 0 | H29: ='2'!$V140 -> 0 | I29: ='3'!$V140 -> 0 | J29: ='4'!$V140 -> 0 | K29: ='5'!$V140 -> 0 | L29: ='6'!$V140 -> 0 | M29: ='7'!$V140 -> 0 | N29: ='8'!$V140 -> 0 | O29: ='9'!$V140 -> 0 | P29: ='10'!$V140 -> 0 | Q29: ='11'!$V140 -> 0 | R29: ='12'!$V140 -> 0 | S29: ='13'!$V140 -> 0 | T29: ='14'!$V140 -> 0 | U29: ='15'!$V140 -> 0 | V29: ='16'!$V140 -> 0 | W29: ='17'!$V140 -> 0 | X29: ='18'!$V140 -> 0 | Y29: ='19'!$V140 -> 0 | Z29: ='20'!$V140 -> 0 | AA29: =#REF! -> #REF! | AB29: =#REF! -> #REF! | AC29: =#REF! -> #REF! | AD29: =#REF! -> #REF! | AE29: =#REF! -> #REF! | AF29: =#REF! -> #REF! | AG29: =#REF! -> #REF! | AH29: =#REF! -> #REF! | ... AK29: =#REF! -> #REF!
D30: ОБЩЕЗАВОДСКИЕ | E30: мин | F30: =SUM(G30:AK30) -> #REF! | G30: ='1'!$V141 -> 0 | H30: ='2'!$V141 -> 0 | I30: ='3'!$V141 -> 0 | J30: ='4'!$V141 -> 0 | K30: ='5'!$V141 -> 0 | L30: ='6'!$V141 -> 0 | M30: ='7'!$V141 -> 102 | N30: ='8'!$V141 -> 0 | O30: ='9'!$V141 -> 0 | P30: ='10'!$V141 -> 0 | Q30: ='11'!$V141 -> 0 | R30: ='12'!$V141 -> 0 | S30: ='13'!$V141 -> 0 | T30: ='14'!$V141 -> 0 | U30: ='15'!$V141 -> 0 | V30: ='16'!$V141 -> 150 | W30: ='17'!$V141 -> 0 | X30: ='18'!$V141 -> 0 | Y30: ='19'!$V141 -> 0 | Z30: ='20'!$V141 -> 0 | AA30: =#REF! -> #REF! | AB30: =#REF! -> #REF! | AC30: =#REF! -> #REF! | AD30: =#REF! -> #REF! | AE30: =#REF! -> #REF! | AF30: =#REF! -> #REF! | AG30: =#REF! -> #REF! | AH30: =#REF! -> #REF! | ... AK30: =#REF! -> #REF!
D31: УСЛОВНЫЕ
D32: ИТОГО | E32: мин | F32: =SUM(F23:F30) -> #REF! | G32: =SUM(G23:G30) -> 565 | H32: =SUM(H23:H30) -> 130 | I32: =SUM(I23:I30) -> 360 | J32: =SUM(J23:J30) -> 320 | K32: =SUM(K23:K30) -> 520 | L32: =SUM(L23:L30) -> 255 | M32: =SUM(M23:M30) -> 226 | ... AK32: =SUM(AK23:AK30) -> #REF!
B34: Смена | C34: Показатель | E34: Ед. изм. | F34: ИТОГО | G34: 1 | H34: 2 | I34: 3 | J34: 4 | K34: 5 | L34: 6 | M34: 7 | N34: 8 | O34: 9 | P34: 10 | Q34: 11 | R34: 12 | S34: 13 | T34: 14 | U34: 15 | V34: 16 | W34: 17 | X34: 18 | Y34: 19 | Z34: 20 | AA34: 21 | AB34: 22 | AC34: 23 | AD34: 24 | AE34: 25 | AF34: 26 | AG34: 27 | AH34: 28 | AI34: 29 | AJ34: 30 | AK34: 31
B35: СУТКИ | C35: Факт выпуска | E35: шт | F35: =SUM(G35:AK35) -> #REF! | G35: =G3+G19 -> 47174 | H35: =H3+H19 -> 70009 | I35: =I3+I19 -> 39967 | J35: =J3+J19 -> 55396 | K35: =K3+K19 -> 49151 | L35: =L3+L19 -> 35347 | M35: =M3+M19 -> 64770 | N35: =N3+N19 -> 26397 | ... AK35: =AK3+AK19 -> #REF!
C36: Продуктивное время | E36: мин | F36: =SUM(G36:AK36) -> #REF! | G36: =G4+G20 -> 716.07122 | H36: =H4+H20 -> 1135.2811 | I36: =I4+I20 -> 566.03478 | J36: =J4+J20 -> 769.37413 | K36: =K4+K20 -> 737.265 | L36: =L4+L20 -> 530.205 | M36: =M4+M20 -> 844.82609 | N36: =N4+N20 -> 428.05946 | ... AK36: =AK4+AK20 -> #REF!
C37: Факт время | E37: мин | F37: =SUM(G37:AK37) -> #REF! | G37: =G5+G21 -> 1440 | H37: =H5+H21 -> 1440 | I37: =I5+I21 -> 1440 | J37: =J5+J21 -> 1440 | K37: =K5+K21 -> 1440 | L37: =L5+L21 -> 1440 | M37: =M5+M21 -> 1440 | N37: =N5+N21 -> 1440 | ... AK37: =AK5+AK21 -> #REF!
C39: ПРОСТОИ | D39: ПЛАНОВЫЕ | E39: мин | F39: =SUM(G39:AK39) -> #REF! | G39: =G7+G23 -> 340 | H39: =H7+H23 -> 100 | I39: =I7+I23 -> 646 | J39: =J7+J23 -> 280 | K39: =K7+K23 -> 40 | L39: =L7+L23 -> 348 | M39: =M7+M23 -> 174 | N39: =N7+N23 -> 490 | ... AK39: =AK7+AK23 -> #REF!
D40: ПРОИЗВОДСТВЕННЫЕ | E40: мин | F40: =SUM(G40:AK40) -> #REF! | G40: =G8+G24 -> 0 | H40: =H8+H24 -> 14 | I40: =I8+I24 -> 0 | J40: =J8+J24 -> 15 | K40: =K8+K24 -> 15 | L40: =L8+L24 -> 0 | M40: =M8+M24 -> 0 | N40: =N8+N24 -> 0 | ... AK40: =AK8+AK24 -> #REF!
D41: ТЕХНИЧЕСКИЕ | E41: мин | F41: =SUM(G41:AK41) -> #REF! | G41: =G9+G25 -> 355 | H41: =H9+H25 -> 126 | I41: =I9+I25 -> 197 | J41: =J9+J25 -> 275 | K41: =K9+K25 -> 698 | L41: =L9+L25 -> 495 | M41: =M9+M25 -> 5 | N41: =N9+N25 -> 337 | ... AK41: =AK9+AK25 -> #REF!
D42: ТЕХНОЛОГИЧЕСКИЕ | E42: мин | F42: =SUM(G42:AK42) -> #REF! | G42: =G10+G26 -> 0 | H42: =H10+H26 -> 0 | I42: =I10+I26 -> 20 | J42: =J10+J26 -> 0 | K42: =K10+K26 -> 0 | L42: =L10+L26 -> 0 | M42: =M10+M26 -> 0 | N42: =N10+N26 -> 0 | ... AK42: =AK10+AK26 -> #REF!
D43: ЛАБОРАТОРНЫЕ | E43: мин | F43: =SUM(G43:AK43) -> #REF! | G43: =G11+G27 -> 0 | H43: =H11+H27 -> 0 | I43: =I11+I27 -> 0 | J43: =J11+J27 -> 0 | K43: =K11+K27 -> 0 | L43: =L11+L27 -> 0 | M43: =M11+M27 -> 0 | N43: =N11+N27 -> 0 | ... AK43: =AK11+AK27 -> #REF!
D44: СЫРЬЕВЫЕ | E44: мин | F44: =SUM(G44:AK44) -> #REF! | G44: =G12+G28 -> 0 | H44: =H12+H28 -> 0 | I44: =I12+I28 -> 0 | J44: =J12+J28 -> 0 | K44: =K12+K28 -> 0 | L44: =L12+L28 -> 0 | M44: =M12+M28 -> 0 | N44: =N12+N28 -> 0 | ... AK44: =AK12+AK28 -> #REF!
D45: ЛОГИСТИЧЕСКИЕ | E45: мин | F45: =SUM(G45:AK45) -> #REF! | G45: =G13+G29 -> 0 | H45: =H13+H29 -> 0 | I45: =I13+I29 -> 0 | J45: =J13+J29 -> 0 | K45: =K13+K29 -> 0 | L45: =L13+L29 -> 0 | M45: =M13+M29 -> 0 | N45: =N13+N29 -> 0 | ... AK45: =AK13+AK29 -> #REF!
D46: ОБЩЕЗАВОДСКИЕ | E46: мин | F46: =SUM(G46:AK46) -> #REF! | G46: =G14+G30 -> 0 | H46: =H14+H30 -> 0 | I46: =I14+I30 -> 0 | J46: =J14+J30 -> 0 | K46: =K14+K30 -> 0 | L46: =L14+L30 -> 0 | M46: =M14+M30 -> 320 | N46: =N14+N30 -> 80 | ... AK46: =AK14+AK30 -> #REF!
D47: УСЛОВНЫЕ
D48: ИТОГО | E48: мин | F48: =SUM(F39:F46) -> #REF! | G48: =SUM(G39:G46) -> 695 | H48: =SUM(H39:H46) -> 240 | I48: =SUM(I39:I46) -> 863 | J48: =SUM(J39:J46) -> 570 | K48: =SUM(K39:K46) -> 753 | L48: =SUM(L39:L46) -> 843 | M48: =SUM(M39:M46) -> 499 | ... AK48: =SUM(AK39:AK46) -> #REF!
C50: Показатели эффективности [%] | E50: %
C51: Коэффициент использования линии | E51: =IF($F35=0,"0",F35/F36)*100 -> #REF!
C52: ПЛАНОВЫЕ | E52: =IF($F38=0,"0",F38/F36)*100 -> 0
C53: ПРОИЗВОДСТВЕННЫЕ | D53: ПРОИЗВОДСТВЕННЫЕ | E53: =IF($F39=0,"0",F39/F36)*100 -> #REF!
C54: ТЕХНИЧЕСКИЕ | D54: ПРОИЗВОДСТВЕННЫЕ | E54: =IF($F40=0,"0",F40/F36)*100 -> #REF!
C55: ТЕХНОЛОГИЧЕСКИЕ | D55: ПРОИЗВОДСТВЕННЫЕ | E55: =IF($F41=0,"0",F41/F36)*100 -> #REF!
C56: ЛАБОРАТОРНЫЕ | D56: ПРОИЗВОДСТВЕННЫЕ | E56: =IF($F42=0,"0",F42/F36)*100 -> #REF!
C57: СЫРЬЕВЫЕ | D57: ПРОИЗВОДСТВЕННЫЕ | E57: =IF($F43=0,"0",F43/F36)*100 -> #REF!
C58: ЛОГИСТИЧЕСКИЕ | D58: ПРОИЗВОДСТВЕННЫЕ | E58: =IF($F44=0,"0",F44/F36)*100 -> #REF!
C59: ОБЩЕЗАВОДСКИЕ | D59: ПРОИЗВОДСТВЕННЫЕ | E59: =IF($F45=0,"0",F45/F36)*100 -> #REF!
C60: УСЛОВНЫЕ | D60: ПРОИЗВОДСТВЕННЫЕ | E60: =IF($F46=0,"0",F46/F36)*100 -> #REF!
C61: Сумма внеплановых простоев | E61: =E53+E54+E55+E57+E58+E60+E56 -> #REF!

Sheet 1
A1: Сменный отчет выпуска продукции
A2: Линия розлива № 3 - 0,75 л. - 1,0 л.
A3: Смена "Д" день с 08:00 по 20:00 | F3: Сутки план/факт | G3: =SUM(J21:J32)+SUM(J136:J147) -> 71633.333 | H3: =SUM(K21:K32)+SUM(K136:K147) -> 47174 | I3: паспортная скорость | J3: 4000 | K3: Время смены | L3: 720 | V3: плановые
A4: Должность | F4: ФИО ответственного | I4: Рабочее место оператора | K4: ФИО оператора | N4: Поля для заполнения | V4: производственные
A5: Начальник смены | F5: Тряничкин | I5: Депаллетайзер | O5: ФИКСИРОВАННЫЕ ПОЛЯ, НЕ ЗАПОЛНЯТЬ | V5: технические
A6: Мастер | F6: Шалимова | I6: Розлив, укупор | V6: технологические
A7: Контролер | I7: Этикетировочный автомат | O7: ПОЛЯ ДЛЯ ЗАПОЛНЕНИЯ МАСТЕРОМ | V7: лабораторные
A8: Наладчик оборудования | I8: Термоупаковщик | V8: сырьевые
A9: Наладчик оборудования | V9: логистические
A14: ИТОГОВЫЙ РЕЗУЛЬТАТ РАБОТЫ СМЕНЫ (ВЫЧИСЛЯЕТСЯ АВТОМАТИЧЕСКИ) | N14: ПРОСТОИ (ВЫЧИСЛЯЕТСЯ АВТОМАТИЧЕСКИ) | V14: общезаводские
A15: НАИМЕНОВАНИЕ НАПИТКА | B15: Время начала производства | C15: Время окончания производства | D15: Время работы смены | E15: Плановая производительность | F15: Приведенное продуктивное время | G15: Эффективность от паспортной скорости % | H15: Вычитаемые простои (плановые, общезаводские) | I15: Условные простои (Необоснованные потери), мин | J15: Расчетная плановая производительность с учетом вычитаемых простоев | K15: Фактическая производительность за смену | L15: Выполнение сменного задания %, невыполнение -, перевыполнение + | N15: Вид Простоя | P15: Длительность, час | V15: Итого
N19: ПЛАНОВЫЕ | P19: =SUM(S47:S58) -> 20 | Q19: =SUM(S59:S69) -> 0 | R19: =SUM(S70:S80) -> 0 | S19: =SUM(S81:S91) -> 0 | T19: =SUM(S92:S102) -> 0 | U19: =SUM(S103:S113) -> 0 | V19: =P19+Q19+R19+S19+T19+U19 -> 20
D20: [мин] | E20: [шт./час] | F20: [мин] | H20: [мин] | J20: [шт./смену] | K20: [шт./смену] | L20: % | N20: ПРОИЗВОДСТВЕННЫЕ | P20: =SUM(T46:T57) -> 0 | Q20: =SUM(T58:T68) -> 0 | R20: =SUM(T69:T79) -> 0 | S20: =SUM(T80:T90) -> 0 | T20: =SUM(T91:T101) -> 0 | U20: =SUM(T102:T112) -> 0 | V20: =P20+Q20+R20+S20+T20+U20 -> 0
A21: =A37 -> тыква 0.75 | B21: 0.33333333 | C21: 0.83333333 | D21: =(C21-B21+(C21<B21))*24*60 -> 720 | E21: 4000 | F21: =IF(E21=0,0,(F37/J3*60)) -> 603.255 | G21: =IF($K21=0,0,(K21*100)/(D21*$J$3/60)) -> 83.785417 | H21: =P19+P26 -> 20 | I21: =D21-F21-P27 -> -13.255 | J21: =(D21-H21)/60*E21 -> 46666.667 | K21: =F37 -> 40217 | L21: =IF($K21=0,0,K21/J21) -> 0.86179286 | N21: ТЕХНИЧЕСКИЕ | P21: =SUM(U46:U57) -> 110 | Q21: =SUM(U58:U68) -> 0 | R21: =SUM(U69:U79) -> 0 | S21: =SUM(U80:U90) -> 0 | T21: =SUM(U91:U101) -> 0 | U21: =SUM(U102:U112) -> 0 | V21: =P21+Q21+R21+S21+T21+U21 -> 110
L22: =K21-J21 -> -6449.6667 | N22: ТЕХНОЛОГИЧЕСКИЕ | P22: =SUM(V46:V57) -> 0 | Q22: =SUM(V58:V68) -> 0 | R22: =SUM(V69:V79) -> 0 | S22: =SUM(V80:V90) -> 0 | T22: =SUM(V91:V101) -> 0 | U22: =SUM(V102:V112) -> 0 | V22: =P22+Q22+R22+S22+T22+U22 -> 0
A23: =A38 -> 0 | D23: =(C23-B23+(C23<B23))*24*60 -> 0 | F23: =IF(E23=0,0,(F38/J3*60)) -> 0 | G23: =IF($K23=0,0,(K23*100)/(D23*$J$3/60)) -> 0 | H23: =Q19+Q26 -> 0 | I23: =D23-F23-Q27 -> 0 | J23: =(D23-H23)/60*E23 -> 0 | K23: =F38 -> 0 | L23: =IF($K23=0,0,K23/J23) -> 0 | N23: ЛАБОРАТОРНЫЕ | P23: =SUM(W46:W57) -> 0 | Q23: =SUM(W58:W68) -> 0 | R23: =SUM(W69:W79) -> 0 | S23: =SUM(W80:W90) -> 0 | T23: =SUM(W91:W101) -> 0 | U23: =SUM(W102:W112) -> 0 | V23: =P23+Q23+R23+S23+T23+U23 -> 0
L24: =K23-J23 -> 0 | N24: СЫРЬЕВЫЕ | P24: =SUM(X46:X57) -> 0 | Q24: =SUM(X58:X68) -> 0 | R24: =SUM(X69:X79) -> 0 | S24: =SUM(X80:X90) -> 0 | T24: =SUM(X91:X101) -> 0 | U24: =SUM(X102:X112) -> 0 | V24: =P24+Q24+R24+S24+T24+U24 -> 0
A25: =A39 -> 0 | D25: =(C25-B25+(C25<B25))*24*60 -> 0 | F25: =IF(E25=0,0,(F39/J3*60)) -> 0 | G25: =IF($K25=0,0,(K25*100)/(D25*$J$3/60)) -> 0 | H25: =R19+R26 -> 0 | I25: =D25-F25-R27 -> 0 | J25: =(D25-H25)/60*E25 -> 0 | K25: =F39 -> 0 | L25: =IF($K25=0,0,K25/J25) -> 0 | N25: ЛОГИСТИЧЕСКИЕ | P25: =SUM(Y46:Y57) -> 0 | Q25: =SUM(Y58:Y68) -> 0 | R25: =SUM(Y69:Y79) -> 0 | S25: =SUM(Y80:Y90) -> 0 | T25: =SUM(Y91:Y101) -> 0 | U25: =SUM(Y102:Y112) -> 0 | V25: =P25+Q25+R25+S25+T25+U25 -> 0
L26: =K25-J25 -> 0 | N26: ОБЩЕЗАВОДСКИЕ | P26: =SUM(Z46:Z57) -> 0 | Q26: =SUM(Z58:Z68) -> 0 | R26: =SUM(Z69:Z79) -> 0 | S26: =SUM(Z80:Z90) -> 0 | T26: =SUM(Z91:Z101) -> 0 | U26: =SUM(Z102:Z112) -> 0 | V26: =P26+Q26+R26+S26+T26+U26 -> 0
A27: =A40 -> 0 | D27: =(C27-B27+(C27<B27))*24*60 -> 0 | F27: =IF(E27=0,0,(F40/J3*60)) -> 0 | G27: =IF($K27=0,0,(K27*100)/(D27*$J$3/60)) -> 0 | H27: =S19+S26 -> 0 | I27: =D27-F27-S27 -> 0 | J27: =(D27-H27)/60*E27 -> 0 | K27: =F40 -> 0 | L27: =IF($K27=0,0,K27/J27) -> 0 | N27: ИТОГО | P27: =SUM(P18:P26) -> 130 | Q27: =SUM(Q18:Q26) -> 0 | R27: =SUM(R18:R26) -> 0 | S27: =SUM(S18:S26) -> 0 | T27: =SUM(T18:T26) -> 0 | U27: =SUM(U18:U26) -> 0 | V27: =P27+Q27+R27+S27+T27+U27 -> 130
L28: =K27-J27 -> 0
A29: =A41 -> 0 | D29: =(C29-B29+(C29<B29))*24*60 -> 0 | F29: =IF(E29=0,0,(F41/J3*60)) -> 0 | G29: =IF($K29=0,0,(K29*100)/(D29*$J$3/60)) -> 0 | H29: =T19+T26 -> 0 | I29: =D29-F29-T27 -> 0 | J29: =(D29-H29)/60*E29 -> 0 | K29: =F41 -> 0 | L29: =IF($K29=0,0,K29/J29) -> 0
L30: =K29-J29 -> 0
A31: =A42 -> 0 | D31: =(C31-B31+(C31<B31))*24*60 -> 0 | F31: =IF(E31=0,0,(F42/J3*60)) -> 0 | G31: =IF($K31=0,0,(K31*100)/(D31*$J$3/60)) -> 0 | H31: =U19+U26 -> 0 | I31: =D31-F31-U27 -> 0 | J31: =(D31-H31)/60*E31 -> 0 | K31: =F42 -> 0 | L31: =IF($K31=0,0,K31/J31) -> 0
L32: =K31-J31 -> 0
A33: НАИМЕНОВАНИЕ И КОЛИЧЕСТВО ПРОИЗВЕДЕННОЙ ПРОДУКЦИИ (ЗАПОЛНЯЕТСЯ МАСТЕРОМ) | J33: Итого план | K33: Итого факт | L33: =IF($K34=0,0,K34/J34) -> 0.86179286
J34: =J21+J23+J25+J27+J29+J31 -> 46666.667 | K34: =K21+K23+K25+K27+K29+K31 -> 40217
A35: Наименование продукции, формат | F35: Выпуск по счетчику | G35: Сдано на склад ГП | L35: Средний коэффициент по смене
A37: тыква 0.75 | F37: 40217 | G37: 38556 | K37: =G37 -> 38556
K38: =G38 -> 0
K39: =G39 -> 0
K40: =G40 -> 0
K41: =G41 -> 0
K42: =G42 -> 0
A43: ИТОГО СДАНО НА СКЛАД ПРОДУКЦИИ | K43: =SUM(K37:K42) -> 38556 | L43: =SUM(L38+L38) -> 0
A45: Наименование продукции, формат | B45: Время, час | D45: Объем производства, шт | E45: Автомат | F45: Описание простоя, причины | H45: Вид простоя | I45: Период простоя | K45: Время (мин) | L45: Корректирующие мероприятия | O45: Ответственный | P45: Сроки | Q45: Статус выполнения | S45: ПРОСТОИ
I46: Начало | J46: Конец | S46: ПЛАНОВЫЕ | T46: ПРОИЗВОДСТВЕННЫЕ | U46: ТЕХНИЧЕСКИЕ | V46: ТЕХНОЛОГИЧЕСКИЕ | W46: ЛАБОРАТОРНЫЕ | X46: СЫРЬЕВЫЕ | Y46: ЛОГИСТИЧЕСКИЕ | Z46: ОБЩЕЗАВОДСКИЕ
A47: =A37 -> тыква 0.75 | B47: =B21 -> 0.33333333 | C47: =B47+1/24 -> 0.375 | F47: этикета | H47: плановые | I47: 0.33333333 | J47: 0.34027778 | K47: =(J47-I47+(J47<I47))*24*60 -> 10 | O47: =IF(H47=$V$5,$F$7,"") | S47: =IF($H47="ПЛАНОВЫЕ",$K47,0) -> 10 | T47: =IF($H47="ПРОИЗВОДСТВЕННЫЕ",$K47,0) -> 0 | U47: =IF($H47="ТЕХНИЧЕСКИЕ",$K47,0) -> 0 | V47: =IF($H47="ТЕХНОЛОГИЧЕСКИЕ",$K47,0) -> 0 | W47: =IF($H47="ЛАБОРАТОРНЫЕ",$K47,0) -> 0 | X47: =IF($H47="СЫРЬЕВЫЕ",$K47,0) -> 0 | Y47: =IF($H47="ЛОГИСТИЧЕСКИЕ",$K47,0) -> 0 | Z47: =IF($H47="ОБЩЕЗАВОДСКИЕ",$K47,0) -> 0
B48: =C47 -> 0.375 | C48: =B48+1/24 -> 0.41666667 | F48: пленка | H48: плановые | I48: 0.34027778 | J48: 0.34722222 | K48: =(J48-I48+(J48<I48))*24*60 -> 10 | O48: =IF(H48=$V$5,$F$7,"") | S48: =IF($H48="ПЛАНОВЫЕ",$K48,0) -> 10 | T48: =IF($H48="ПРОИЗВОДСТВЕННЫЕ",$K48,0) -> 0 | U48: =IF($H48="ТЕХНИЧЕСКИЕ",$K48,0) -> 0 | V48: =IF($H48="ТЕХНОЛОГИЧЕСКИЕ",$K48,0) -> 0 | W48: =IF($H48="ЛАБОРАТОРНЫЕ",$K48,0) -> 0 | X48: =IF($H48="СЫРЬЕВЫЕ",$K48,0) -> 0 | Y48: =IF($H48="ЛОГИСТИЧЕСКИЕ",$K48,0) -> 0 | Z48: =IF($H48="ОБЩЕЗАВОДСКИЕ",$K48,0) -> 0
B49: =C48 -> 0.41666667 | C49: =B49+1/24 -> 0.45833333 | F49: омыватель | H49: технические | I49: 0.34722222 | J49: 0.36944444 | K49: =(J49-I49+(J49<I49))*24*60 -> 32 | L49: частотник мойки | O49: =IF(H49=$V$5,$F$7,"") -> 0 | S49: =IF($H49="ПЛАНОВЫЕ",$K49,0) -> 0 | T49: =IF($H49="ПРОИЗВОДСТВЕННЫЕ",$K49,0) -> 0 | U49: =IF($H49="ТЕХНИЧЕСКИЕ",$K49,0) -> 32 | V49: =IF($H49="ТЕХНОЛОГИЧЕСКИЕ",$K49,0) -> 0 | W49: =IF($H49="ЛАБОРАТОРНЫЕ",$K49,0) -> 0 | X49: =IF($H49="СЫРЬЕВЫЕ",$K49,0) -> 0 | Y49: =IF($H49="ЛОГИСТИЧЕСКИЕ",$K49,0) -> 0 | Z49: =IF($H49="ОБЩЕЗАВОДСКИЕ",$K49,0) -> 0
B50: =C49 -> 0.45833333 | C50: =B50+1/24 -> 0.5 | F50: пак | H50: технические | I50: 0.36944444 | J50: 0.39236111 | K50: =(J50-I50+(J50<I50))*24*60 -> 33 | L50: натяжка цепи, настройка лотка | O50: =IF(H50=$V$5,$F$7,"") -> 0 | S50: =IF($H50="ПЛАНОВЫЕ",$K50,0) -> 0 | T50: =IF($H50="ПРОИЗВОДСТВЕННЫЕ",$K50,0) -> 0 | U50: =IF($H50="ТЕХНИЧЕСКИЕ",$K50,0) -> 33 | V50: =IF($H50="ТЕХНОЛОГИЧЕСКИЕ",$K50,0) -> 0 | W50: =IF($H50="ЛАБОРАТОРНЫЕ",$K50,0) -> 0 | X50: =IF($H50="СЫРЬЕВЫЕ",$K50,0) -> 0 | Y50: =IF($H50="ЛОГИСТИЧЕСКИЕ",$K50,0) -> 0 | Z50: =IF($H50="ОБЩЕЗАВОДСКИЕ",$K50,0) -> 0
B51: =C50 -> 0.5 | C51: =B51+1/24 -> 0.54166667 | F51: этикетка | H51: технические | I51: 0.39236111 | J51: 0.40277778 | K51: =(J51-I51+(J51<I51))*24*60 -> 15 | L51: кип настройка | O51: =IF(H51=$V$5,$F$7,"") -> 0 | S51: =IF($H51="ПЛАНОВЫЕ",$K51,0) -> 0 | T51: =IF($H51="ПРОИЗВОДСТВЕННЫЕ",$K51,0) -> 0 | U51: =IF($H51="ТЕХНИЧЕСКИЕ",$K51,0) -> 15 | V51: =IF($H51="ТЕХНОЛОГИЧЕСКИЕ",$K51,0) -> 0 | W51: =IF($H51="ЛАБОРАТОРНЫЕ",$K51,0) -> 0 | X51: =IF($H51="СЫРЬЕВЫЕ",$K51,0) -> 0 | Y51: =IF($H51="ЛОГИСТИЧЕСКИЕ",$K51,0) -> 0 | Z51: =IF($H51="ОБЩЕЗАВОДСКИЕ",$K51,0) -> 0
B52: =C51 -> 0.54166667 | C52: =B52+1/24 -> 0.58333333 | F52: омыватель | H52: технические | I52: 0.40277778 | J52: 0.40972222 | K52: =(J52-I52+(J52<I52))*24*60 -> 10 | L52: частотник мойки | O52: =IF(H52=$V$5,$F$7,"") -> 0 | S52: =IF($H52="ПЛАНОВЫЕ",$K52,0) -> 0 | T52: =IF($H52="ПРОИЗВОДСТВЕННЫЕ",$K52,0) -> 0 | U52: =IF($H52="ТЕХНИЧЕСКИЕ",$K52,0) -> 10 | V52: =IF($H52="ТЕХНОЛОГИЧЕСКИЕ",$K52,0) -> 0 | W52: =IF($H52="ЛАБОРАТОРНЫЕ",$K52,0) -> 0 | X52: =IF($H52="СЫРЬЕВЫЕ",$K52,0) -> 0 | Y52: =IF($H52="ЛОГИСТИЧЕСКИЕ",$K52,0) -> 0 | Z52: =IF($H52="ОБЩЕЗАВОДСКИЕ",$K52,0) -> 0
B53: =C52 -> 0.58333333 | C53: =B53+1/24 -> 0.625 | F53: пак | H53: технические | I53: 0.40972222 | J53: 0.42361111 | K53: =(J53-I53+(J53<I53))*24*60 -> 20 | O53: =IF(H53=$V$5,$F$7,"") -> 0 | S53: =IF($H53="ПЛАНОВЫЕ",$K53,0) -> 0 | T53: =IF($H53="ПРОИЗВОДСТВЕННЫЕ",$K53,0) -> 0 | U53: =IF($H53="ТЕХНИЧЕСКИЕ",$K53,0) -> 20 | V53: =IF($H53="ТЕХНОЛОГИЧЕСКИЕ",$K53,0) -> 0 | W53: =IF($H53="ЛАБОРАТОРНЫЕ",$K53,0) -> 0 | X53: =IF($H53="СЫРЬЕВЫЕ",$K53,0) -> 0 | Y53: =IF($H53="ЛОГИСТИЧЕСКИЕ",$K53,0) -> 0 | Z53: =IF($H53="ОБЩЕЗАВОДСКИЕ",$K53,0) -> 0
B54: =C53 -> 0.625 | C54: =B54+1/24 -> 0.66666667 | K54: =(J54-I54+(J54<I54))*24*60 -> 0 | O54: =IF(H54=$V$5,$F$7,"") | S54: =IF($H54="ПЛАНОВЫЕ",$K54,0) -> 0 | T54: =IF($H54="ПРОИЗВОДСТВЕННЫЕ",$K54,0) -> 0 | U54: =IF($H54="ТЕХНИЧЕСКИЕ",$K54,0) -> 0 | V54: =IF($H54="ТЕХНОЛОГИЧЕСКИЕ",$K54,0) -> 0 | W54: =IF($H54="ЛАБОРАТОРНЫЕ",$K54,0) -> 0 | X54: =IF($H54="СЫРЬЕВЫЕ",$K54,0) -> 0 | Y54: =IF($H54="ЛОГИСТИЧЕСКИЕ",$K54,0) -> 0 | Z54: =IF($H54="ОБЩЕЗАВОДСКИЕ",$K54,0) -> 0
B55: =C54 -> 0.66666667 | C55: =B55+1/24 -> 0.70833333 | K55: =(J55-I55+(J55<I55))*24*60 -> 0 | O55: =IF(H55=$V$5,$F$7,"") | S55: =IF($H55="ПЛАНОВЫЕ",$K55,0) -> 0 | T55: =IF($H55="ПРОИЗВОДСТВЕННЫЕ",$K55,0) -> 0 | U55: =IF($H55="ТЕХНИЧЕСКИЕ",$K55,0) -> 0 | V55: =IF($H55="ТЕХНОЛОГИЧЕСКИЕ",$K55,0) -> 0 | W55: =IF($H55="ЛАБОРАТОРНЫЕ",$K55,0) -> 0 | X55: =IF($H55="СЫРЬЕВЫЕ",$K55,0) -> 0 | Y55: =IF($H55="ЛОГИСТИЧЕСКИЕ",$K55,0) -> 0 | Z55: =IF($H55="ОБЩЕЗАВОДСКИЕ",$K55,0) -> 0
B56: =C55 -> 0.70833333 | C56: =B56+1/24 -> 0.75 | K56: =(J56-I56+(J56<I56))*24*60 -> 0 | O56: =IF(H56=$V$5,$F$7,"") | S56: =IF($H56="ПЛАНОВЫЕ",$K56,0) -> 0 | T56: =IF($H56="ПРОИЗВОДСТВЕННЫЕ",$K56,0) -> 0 | U56: =IF($H56="ТЕХНИЧЕСКИЕ",$K56,0) -> 0 | V56: =IF($H56="ТЕХНОЛОГИЧЕСКИЕ",$K56,0) -> 0 | W56: =IF($H56="ЛАБОРАТОРНЫЕ",$K56,0) -> 0 | X56: =IF($H56="СЫРЬЕВЫЕ",$K56,0) -> 0 | Y56: =IF($H56="ЛОГИСТИЧЕСКИЕ",$K56,0) -> 0 | Z56: =IF($H56="ОБЩЕЗАВОДСКИЕ",$K56,0) -> 0
B57: =C56 -> 0.75 | C57: =B57+1/24 -> 0.79166667 | K57: =(J57-I57+(J57<I57))*24*60 -> 0 | O57: =IF(H57=$V$5,$F$7,"") | S57: =IF($H57="ПЛАНОВЫЕ",$K57,0) -> 0 | T57: =IF($H57="ПРОИЗВОДСТВЕННЫЕ",$K57,0) -> 0 | U57: =IF($H57="ТЕХНИЧЕСКИЕ",$K57,0) -> 0 | V57: =IF($H57="ТЕХНОЛОГИЧЕСКИЕ",$K57,0) -> 0 | W57: =IF($H57="ЛАБОРАТОРНЫЕ",$K57,0) -> 0 | X57: =IF($H57="СЫРЬЕВЫЕ",$K57,0) -> 0 | Y57: =IF($H57="ЛОГИСТИЧЕСКИЕ",$K57,0) -> 0 | Z57: =IF($H57="ОБЩЕЗАВОДСКИЕ",$K57,0) -> 0
B58: =C57 -> 0.79166667 | C58: =B58+1/24 -> 0.83333333 | K58: =(J58-I58+(J58<I58))*24*60 -> 0 | O58: =IF(H58=$V$5,$F$7,"") | S58: =IF($H58="ПЛАНОВЫЕ",$K58,0) -> 0 | T58: =IF($H58="ПРОИЗВОДСТВЕННЫЕ",$K58,0) -> 0 | U58: =IF($H58="ТЕХНИЧЕСКИЕ",$K58,0) -> 0 | V58: =IF($H58="ТЕХНОЛОГИЧЕСКИЕ",$K58,0) -> 0 | W58: =IF($H58="ЛАБОРАТОРНЫЕ",$K58,0) -> 0 | X58: =IF($H58="СЫРЬЕВЫЕ",$K58,0) -> 0 | Y58: =IF($H58="ЛОГИСТИЧЕСКИЕ",$K58,0) -> 0 | Z58: =IF($H58="ОБЩЕЗАВОДСКИЕ",$K58,0) -> 0
A59: =A38 -> 0 | B59: =B23 -> 0 | C59: =B59+1/24 -> 0.041666667 | K59: =(J59-I59+(J59<I59))*24*60 -> 0 | O59: =IF(H59=$V$5,$F$7,"") | S59: =IF($H59="ПЛАНОВЫЕ",$K59,0) -> 0 | T59: =IF($H59="ПРОИЗВОДСТВЕННЫЕ",$K59,0) -> 0 | U59: =IF($H59="ТЕХНИЧЕСКИЕ",$K59,0) -> 0 | V59: =IF($H59="ТЕХНОЛОГИЧЕСКИЕ",$K59,0) -> 0 | W59: =IF($H59="ЛАБОРАТОРНЫЕ",$K59,0) -> 0 | X59: =IF($H59="СЫРЬЕВЫЕ",$K59,0) -> 0 | Y59: =IF($H59="ЛОГИСТИЧЕСКИЕ",$K59,0) -> 0 | Z59: =IF($H59="ОБЩЕЗАВОДСКИЕ",$K59,0) -> 0
B60: =C59 -> 0.041666667 | C60: =B60+1/24 -> 0.083333333 | K60: =(J60-I60+(J60<I60))*24*60 -> 0 | O60: =IF(H60=$V$5,$F$7,"") | S60: =IF($H60="ПЛАНОВЫЕ",$K60,0) -> 0 | T60: =IF($H60="ПРОИЗВОДСТВЕННЫЕ",$K60,0) -> 0 | U60: =IF($H60="ТЕХНИЧЕСКИЕ",$K60,0) -> 0 | V60: =IF($H60="ТЕХНОЛОГИЧЕСКИЕ",$K60,0) -> 0 | W60: =IF($H60="ЛАБОРАТОРНЫЕ",$K60,0) -> 0 | X60: =IF($H60="СЫРЬЕВЫЕ",$K60,0) -> 0 | Y60: =IF($H60="ЛОГИСТИЧЕСКИЕ",$K60,0) -> 0 | Z60: =IF($H60="ОБЩЕЗАВОДСКИЕ",$K60,0) -> 0
B61: =C60 -> 0.083333333 | C61: =B61+1/24 -> 0.125 | K61: =(J61-I61+(J61<I61))*24*60 -> 0 | O61: =IF(H61=$V$5,$F$7,"") | S61: =IF($H61="ПЛАНОВЫЕ",$K61,0) -> 0 | T61: =IF($H61="ПРОИЗВОДСТВЕННЫЕ",$K61,0) -> 0 | U61: =IF($H61="ТЕХНИЧЕСКИЕ",$K61,0) -> 0 | V61: =IF($H61="ТЕХНОЛОГИЧЕСКИЕ",$K61,0) -> 0 | W61: =IF($H61="ЛАБОРАТОРНЫЕ",$K61,0) -> 0 | X61: =IF($H61="СЫРЬЕВЫЕ",$K61,0) -> 0 | Y61: =IF($H61="ЛОГИСТИЧЕСКИЕ",$K61,0) -> 0 | Z61: =IF($H61="ОБЩЕЗАВОДСКИЕ",$K61,0) -> 0
B62: =C61 -> 0.125 | C62: =B62+1/24 -> 0.16666667 | K62: =(J62-I62+(J62<I62))*24*60 -> 0 | O62: =IF(H62=$V$5,$F$7,"") | S62: =IF($H62="ПЛАНОВЫЕ",$K62,0) -> 0 | T62: =IF($H62="ПРОИЗВОДСТВЕННЫЕ",$K62,0) -> 0 | U62: =IF($H62="ТЕХНИЧЕСКИЕ",$K62,0) -> 0 | V62: =IF($H62="ТЕХНОЛОГИЧЕСКИЕ",$K62,0) -> 0 | W62: =IF($H62="ЛАБОРАТОРНЫЕ",$K62,0) -> 0 | X62: =IF($H62="СЫРЬЕВЫЕ",$K62,0) -> 0 | Y62: =IF($H62="ЛОГИСТИЧЕСКИЕ",$K62,0) -> 0 | Z62: =IF($H62="ОБЩЕЗАВОДСКИЕ",$K62,0) -> 0
B63: =C62 -> 0.16666667 | C63: =B63+1/24 -> 0.20833333 | K63: =(J63-I63+(J63<I63))*24*60 -> 0 | O63: =IF(H63=$V$5,$F$7,"") | S63: =IF($H63="ПЛАНОВЫЕ",$K63,0) -> 0 | T63: =IF($H63="ПРОИЗВОДСТВЕННЫЕ",$K63,0) -> 0 | U63: =IF($H63="ТЕХНИЧЕСКИЕ",$K63,0) -> 0 | V63: =IF($H63="ТЕХНОЛОГИЧЕСКИЕ",$K63,0) -> 0 | W63: =IF($H63="ЛАБОРАТОРНЫЕ",$K63,0) -> 0 | X63: =IF($H63="СЫРЬЕВЫЕ",$K63,0) -> 0 | Y63: =IF($H63="ЛОГИСТИЧЕСКИЕ",$K63,0) -> 0 | Z63: =IF($H63="ОБЩЕЗАВОДСКИЕ",$K63,0) -> 0
B64: =C63 -> 0.20833333 | C64: =B64+1/24 -> 0.25 | K64: =(J64-I64+(J64<I64))*24*60 -> 0 | O64: =IF(H64=$V$5,$F$7,"") | S64: =IF($H64="ПЛАНОВЫЕ",$K64,0) -> 0 | T64: =IF($H64="ПРОИЗВОДСТВЕННЫЕ",$K64,0) -> 0 | U64: =IF($H64="ТЕХНИЧЕСКИЕ",$K64,0) -> 0 | V64: =IF($H64="ТЕХНОЛОГИЧЕСКИЕ",$K64,0) -> 0 | W64: =IF($H64="ЛАБОРАТОРНЫЕ",$K64,0) -> 0 | X64: =IF($H64="СЫРЬЕВЫЕ",$K64,0) -> 0 | Y64: =IF($H64="ЛОГИСТИЧЕСКИЕ",$K64,0) -> 0 | Z64: =IF($H64="ОБЩЕЗАВОДСКИЕ",$K64,0) -> 0
B65: =C64 -> 0.25 | C65: =B65+1/24 -> 0.29166667 | K65: =(J65-I65+(J65<I65))*24*60 -> 0 | O65: =IF(H65=$V$5,$F$7,"") | S65: =IF($H65="ПЛАНОВЫЕ",$K65,0) -> 0 | T65: =IF($H65="ПРОИЗВОДСТВЕННЫЕ",$K65,0) -> 0 | U65: =IF($H65="ТЕХНИЧЕСКИЕ",$K65,0) -> 0 | V65: =IF($H65="ТЕХНОЛОГИЧЕСКИЕ",$K65,0) -> 0 | W65: =IF($H65="ЛАБОРАТОРНЫЕ",$K65,0) -> 0 | X65: =IF($H65="СЫРЬЕВЫЕ",$K65,0) -> 0 | Y65: =IF($H65="ЛОГИСТИЧЕСКИЕ",$K65,0) -> 0 | Z65: =IF($H65="ОБЩЕЗАВОДСКИЕ",$K65,0) -> 0
B66: =C65 -> 0.29166667 | C66: =B66+1/24 -> 0.33333333 | K66: =(J66-I66+(J66<I66))*24*60 -> 0 | O66: =IF(H66=$V$5,$F$7,"") | S66: =IF($H66="ПЛАНОВЫЕ",$K66,0) -> 0 | T66: =IF($H66="ПРОИЗВОДСТВЕННЫЕ",$K66,0) -> 0 | U66: =IF($H66="ТЕХНИЧЕСКИЕ",$K66,0) -> 0 | V66: =IF($H66="ТЕХНОЛОГИЧЕСКИЕ",$K66,0) -> 0 | W66: =IF($H66="ЛАБОРАТОРНЫЕ",$K66,0) -> 0 | X66: =IF($H66="СЫРЬЕВЫЕ",$K66,0) -> 0 | Y66: =IF($H66="ЛОГИСТИЧЕСКИЕ",$K66,0) -> 0 | Z66: =IF($H66="ОБЩЕЗАВОДСКИЕ",$K66,0) -> 0
B67: =C66 -> 0.33333333 | C67: =B67+1/24 -> 0.375 | K67: =(J67-I67+(J67<I67))*24*60 -> 0 | O67: =IF(H67=$V$5,$F$7,"") | S67: =IF($H67="ПЛАНОВЫЕ",$K67,0) -> 0 | T67: =IF($H67="ПРОИЗВОДСТВЕННЫЕ",$K67,0) -> 0 | U67: =IF($H67="ТЕХНИЧЕСКИЕ",$K67,0) -> 0 | V67: =IF($H67="ТЕХНОЛОГИЧЕСКИЕ",$K67,0) -> 0 | W67: =IF($H67="ЛАБОРАТОРНЫЕ",$K67,0) -> 0 | X67: =IF($H67="СЫРЬЕВЫЕ",$K67,0) -> 0 | Y67: =IF($H67="ЛОГИСТИЧЕСКИЕ",$K67,0) -> 0 | Z67: =IF($H67="ОБЩЕЗАВОДСКИЕ",$K67,0) -> 0
B68: =C67 -> 0.375 | C68: =B68+1/24 -> 0.41666667 | K68: =(J68-I68+(J68<I68))*24*60 -> 0 | O68: =IF(H68=$V$5,$F$7,"") | S68: =IF($H68="ПЛАНОВЫЕ",$K68,0) -> 0 | T68: =IF($H68="ПРОИЗВОДСТВЕННЫЕ",$K68,0) -> 0 | U68: =IF($H68="ТЕХНИЧЕСКИЕ",$K68,0) -> 0 | V68: =IF($H68="ТЕХНОЛОГИЧЕСКИЕ",$K68,0) -> 0 | W68: =IF($H68="ЛАБОРАТОРНЫЕ",$K68,0) -> 0 | X68: =IF($H68="СЫРЬЕВЫЕ",$K68,0) -> 0 | Y68: =IF($H68="ЛОГИСТИЧЕСКИЕ",$K68,0) -> 0 | Z68: =IF($H68="ОБЩЕЗАВОДСКИЕ",$K68,0) -> 0
B69: =C68 -> 0.41666667 | C69: =B69+1/24 -> 0.45833333 | K69: =(J69-I69+(J69<I69))*24*60 -> 0 | O69: =IF(H69=$V$5,$F$7,"") | S69: =IF($H69="ПЛАНОВЫЕ",$K69,0) -> 0 | T69: =IF($H69="ПРОИЗВОДСТВЕННЫЕ",$K69,0) -> 0 | U69: =IF($H69="ТЕХНИЧЕСКИЕ",$K69,0) -> 0 | V69: =IF($H69="ТЕХНОЛОГИЧЕСКИЕ",$K69,0) -> 0 | W69: =IF($H69="ЛАБОРАТОРНЫЕ",$K69,0) -> 0 | X69: =IF($H69="СЫРЬЕВЫЕ",$K69,0) -> 0 | Y69: =IF($H69="ЛОГИСТИЧЕСКИЕ",$K69,0) -> 0 | Z69: =IF($H69="ОБЩЕЗАВОДСКИЕ",$K69,0) -> 0
A70: =A39 -> 0 | B70: =B25 -> 0 | C70: =B70+1/24 -> 0.041666667 | K70: =(J70-I70+(J70<I70))*24*60 -> 0 | O70: =IF(H70=$V$5,$F$7,"") | S70: =IF($H70="ПЛАНОВЫЕ",$K70,0) -> 0 | T70: =IF($H70="ПРОИЗВОДСТВЕННЫЕ",$K70,0) -> 0 | U70: =IF($H70="ТЕХНИЧЕСКИЕ",$K70,0) -> 0 | V70: =IF($H70="ТЕХНОЛОГИЧЕСКИЕ",$K70,0) -> 0 | W70: =IF($H70="ЛАБОРАТОРНЫЕ",$K70,0) -> 0 | X70: =IF($H70="СЫРЬЕВЫЕ",$K70,0) -> 0 | Y70: =IF($H70="ЛОГИСТИЧЕСКИЕ",$K70,0) -> 0 | Z70: =IF($H70="ОБЩЕЗАВОДСКИЕ",$K70,0) -> 0
B71: =C70 -> 0.041666667 | C71: =B71+1/24 -> 0.083333333 | K71: =(J71-I71+(J71<I71))*24*60 -> 0 | O71: =IF(H71=$V$5,$F$7,"") | S71: =IF($H71="ПЛАНОВЫЕ",$K71,0) -> 0 | T71: =IF($H71="ПРОИЗВОДСТВЕННЫЕ",$K71,0) -> 0 | U71: =IF($H71="ТЕХНИЧЕСКИЕ",$K71,0) -> 0 | V71: =IF($H71="ТЕХНОЛОГИЧЕСКИЕ",$K71,0) -> 0 | W71: =IF($H71="ЛАБОРАТОРНЫЕ",$K71,0) -> 0 | X71: =IF($H71="СЫРЬЕВЫЕ",$K71,0) -> 0 | Y71: =IF($H71="ЛОГИСТИЧЕСКИЕ",$K71,0) -> 0 | Z71: =IF($H71="ОБЩЕЗАВОДСКИЕ",$K71,0) -> 0
B72: =C71 -> 0.083333333 | C72: =B72+1/24 -> 0.125 | K72: =(J72-I72+(J72<I72))*24*60 -> 0 | O72: =IF(H72=$V$5,$F$7,"") | S72: =IF($H72="ПЛАНОВЫЕ",$K72,0) -> 0 | T72: =IF($H72="ПРОИЗВОДСТВЕННЫЕ",$K72,0) -> 0 | U72: =IF($H72="ТЕХНИЧЕСКИЕ",$K72,0) -> 0 | V72: =IF($H72="ТЕХНОЛОГИЧЕСКИЕ",$K72,0) -> 0 | W72: =IF($H72="ЛАБОРАТОРНЫЕ",$K72,0) -> 0 | X72: =IF($H72="СЫРЬЕВЫЕ",$K72,0) -> 0 | Y72: =IF($H72="ЛОГИСТИЧЕСКИЕ",$K72,0) -> 0 | Z72: =IF($H72="ОБЩЕЗАВОДСКИЕ",$K72,0) -> 0
B73: =C72 -> 0.125 | C73: =B73+1/24 -> 0.16666667 | K73: =(J73-I73+(J73<I73))*24*60 -> 0 | O73: =IF(H73=$V$5,$F$7,"") | S73: =IF($H73="ПЛАНОВЫЕ",$K73,0) -> 0 | T73: =IF($H73="ПРОИЗВОДСТВЕННЫЕ",$K73,0) -> 0 | U73: =IF($H73="ТЕХНИЧЕСКИЕ",$K73,0) -> 0 | V73: =IF($H73="ТЕХНОЛОГИЧЕСКИЕ",$K73,0) -> 0 | W73: =IF($H73="ЛАБОРАТОРНЫЕ",$K73,0) -> 0 | X73: =IF($H73="СЫРЬЕВЫЕ",$K73,0) -> 0 | Y73: =IF($H73="ЛОГИСТИЧЕСКИЕ",$K73,0) -> 0 | Z73: =IF($H73="ОБЩЕЗАВОДСКИЕ",$K73,0) -> 0
B74: =C73 -> 0.16666667 | C74: =B74+1/24 -> 0.20833333 | K74: =(J74-I74+(J74<I74))*24*60 -> 0 | O74: =IF(H74=$V$5,$F$7,"") | S74: =IF($H74="ПЛАНОВЫЕ",$K74,0) -> 0 | T74: =IF($H74="ПРОИЗВОДСТВЕННЫЕ",$K74,0) -> 0 | U74: =IF($H74="ТЕХНИЧЕСКИЕ",$K74,0) -> 0 | V74: =IF($H74="ТЕХНОЛОГИЧЕСКИЕ",$K74,0) -> 0 | W74: =IF($H74="ЛАБОРАТОРНЫЕ",$K74,0) -> 0 | X74: =IF($H74="СЫРЬЕВЫЕ",$K74,0) -> 0 | Y74: =IF($H74="ЛОГИСТИЧЕСКИЕ",$K74,0) -> 0 | Z74: =IF($H74="ОБЩЕЗАВОДСКИЕ",$K74,0) -> 0
B75: =C74 -> 0.20833333 | C75: =B75+1/24 -> 0.25 | K75: =(J75-I75+(J75<I75))*24*60 -> 0 | O75: =IF(H75=$V$5,$F$7,"") | S75: =IF($H75="ПЛАНОВЫЕ",$K75,0) -> 0 | T75: =IF($H75="ПРОИЗВОДСТВЕННЫЕ",$K75,0) -> 0 | U75: =IF($H75="ТЕХНИЧЕСКИЕ",$K75,0) -> 0 | V75: =IF($H75="ТЕХНОЛОГИЧЕСКИЕ",$K75,0) -> 0 | W75: =IF($H75="ЛАБОРАТОРНЫЕ",$K75,0) -> 0 | X75: =IF($H75="СЫРЬЕВЫЕ",$K75,0) -> 0 | Y75: =IF($H75="ЛОГИСТИЧЕСКИЕ",$K75,0) -> 0 | Z75: =IF($H75="ОБЩЕЗАВОДСКИЕ",$K75,0) -> 0
B76: =C75 -> 0.25 | C76: =B76+1/24 -> 0.29166667 | K76: =(J76-I76+(J76<I76))*24*60 -> 0 | O76: =IF(H76=$V$5,$F$7,"") | S76: =IF($H76="ПЛАНОВЫЕ",$K76,0) -> 0 | T76: =IF($H76="ПРОИЗВОДСТВЕННЫЕ",$K76,0) -> 0 | U76: =IF($H76="ТЕХНИЧЕСКИЕ",$K76,0) -> 0 | V76: =IF($H76="ТЕХНОЛОГИЧЕСКИЕ",$K76,0) -> 0 | W76: =IF($H76="ЛАБОРАТОРНЫЕ",$K76,0) -> 0 | X76: =IF($H76="СЫРЬЕВЫЕ",$K76,0) -> 0 | Y76: =IF($H76="ЛОГИСТИЧЕСКИЕ",$K76,0) -> 0 | Z76: =IF($H76="ОБЩЕЗАВОДСКИЕ",$K76,0) -> 0
B77: =C76 -> 0.29166667 | C77: =B77+1/24 -> 0.33333333 | K77: =(J77-I77+(J77<I77))*24*60 -> 0 | O77: =IF(H77=$V$5,$F$7,"") | S77: =IF($H77="ПЛАНОВЫЕ",$K77,0) -> 0 | T77: =IF($H77="ПРОИЗВОДСТВЕННЫЕ",$K77,0) -> 0 | U77: =IF($H77="ТЕХНИЧЕСКИЕ",$K77,0) -> 0 | V77: =IF($H77="ТЕХНОЛОГИЧЕСКИЕ",$K77,0) -> 0 | W77: =IF($H77="ЛАБОРАТОРНЫЕ",$K77,0) -> 0 | X77: =IF($H77="СЫРЬЕВЫЕ",$K77,0) -> 0 | Y77: =IF($H77="ЛОГИСТИЧЕСКИЕ",$K77,0) -> 0 | Z77: =IF($H77="ОБЩЕЗАВОДСКИЕ",$K77,0) -> 0
B78: =C77 -> 0.33333333 | C78: =B78+1/24 -> 0.375 | K78: =(J78-I78+(J78<I78))*24*60 -> 0 | O78: =IF(H78=$V$5,$F$7,"") | S78: =IF($H78="ПЛАНОВЫЕ",$K78,0) -> 0 | T78: =IF($H78="ПРОИЗВОДСТВЕННЫЕ",$K78,0) -> 0 | U78: =IF($H78="ТЕХНИЧЕСКИЕ",$K78,0) -> 0 | V78: =IF($H78="ТЕХНОЛОГИЧЕСКИЕ",$K78,0) -> 0 | W78: =IF($H78="ЛАБОРАТОРНЫЕ",$K78,0) -> 0 | X78: =IF($H78="СЫРЬЕВЫЕ",$K78,0) -> 0 | Y78: =IF($H78="ЛОГИСТИЧЕСКИЕ",$K78,0) -> 0 | Z78: =IF($H78="ОБЩЕЗАВОДСКИЕ",$K78,0) -> 0
B79: =C78 -> 0.375 | C79: =B79+1/24 -> 0.41666667 | K79: =(J79-I79+(J79<I79))*24*60 -> 0 | O79: =IF(H79=$V$5,$F$7,"") | S79: =IF($H79="ПЛАНОВЫЕ",$K79,0) -> 0 | T79: =IF($H79="ПРОИЗВОДСТВЕННЫЕ",$K79,0) -> 0 | U79: =IF($H79="ТЕХНИЧЕСКИЕ",$K79,0) -> 0 | V79: =IF($H79="ТЕХНОЛОГИЧЕСКИЕ",$K79,0) -> 0 | W79: =IF($H79="ЛАБОРАТОРНЫЕ",$K79,0) -> 0 | X79: =IF($H79="СЫРЬЕВЫЕ",$K79,0) -> 0 | Y79: =IF($H79="ЛОГИСТИЧЕСКИЕ",$K79,0) -> 0 | Z79: =IF($H79="ОБЩЕЗАВОДСКИЕ",$K79,0) -> 0
B80: =C79 -> 0.41666667 | C80: =B80+1/24 -> 0.45833333 | K80: =(J80-I80+(J80<I80))*24*60 -> 0 | O80: =IF(H80=$V$5,$F$7,"") | S80: =IF($H80="ПЛАНОВЫЕ",$K80,0) -> 0 | T80: =IF($H80="ПРОИЗВОДСТВЕННЫЕ",$K80,0) -> 0 | U80: =IF($H80="ТЕХНИЧЕСКИЕ",$K80,0) -> 0 | V80: =IF($H80="ТЕХНОЛОГИЧЕСКИЕ",$K80,0) -> 0 | W80: =IF($H80="ЛАБОРАТОРНЫЕ",$K80,0) -> 0 | X80: =IF($H80="СЫРЬЕВЫЕ",$K80,0) -> 0 | Y80: =IF($H80="ЛОГИСТИЧЕСКИЕ",$K80,0) -> 0 | Z80: =IF($H80="ОБЩЕЗАВОДСКИЕ",$K80,0) -> 0
A81: =A40 -> 0 | B81: =B27 -> 0 | C81: =B81+1/24 -> 0.041666667 | K81: =(J81-I81+(J81<I81))*24*60 -> 0 | O81: =IF(H81=$V$5,$F$7,"") | S81: =IF($H81="ПЛАНОВЫЕ",$K81,0) -> 0 | T81: =IF($H81="ПРОИЗВОДСТВЕННЫЕ",$K81,0) -> 0 | U81: =IF($H81="ТЕХНИЧЕСКИЕ",$K81,0) -> 0 | V81: =IF($H81="ТЕХНОЛОГИЧЕСКИЕ",$K81,0) -> 0 | W81: =IF($H81="ЛАБОРАТОРНЫЕ",$K81,0) -> 0 | X81: =IF($H81="СЫРЬЕВЫЕ",$K81,0) -> 0 | Y81: =IF($H81="ЛОГИСТИЧЕСКИЕ",$K81,0) -> 0 | Z81: =IF($H81="ОБЩЕЗАВОДСКИЕ",$K81,0) -> 0
B82: =C81 -> 0.041666667 | C82: =B82+1/24 -> 0.083333333 | K82: =(J82-I82+(J82<I82))*24*60 -> 0 | O82: =IF(H82=$V$5,$F$7,"") | S82: =IF($H82="ПЛАНОВЫЕ",$K82,0) -> 0 | T82: =IF($H82="ПРОИЗВОДСТВЕННЫЕ",$K82,0) -> 0 | U82: =IF($H82="ТЕХНИЧЕСКИЕ",$K82,0) -> 0 | V82: =IF($H82="ТЕХНОЛОГИЧЕСКИЕ",$K82,0) -> 0 | W82: =IF($H82="ЛАБОРАТОРНЫЕ",$K82,0) -> 0 | X82: =IF($H82="СЫРЬЕВЫЕ",$K82,0) -> 0 | Y82: =IF($H82="ЛОГИСТИЧЕСКИЕ",$K82,0) -> 0 | Z82: =IF($H82="ОБЩЕЗАВОДСКИЕ",$K82,0) -> 0
B83: =C82 -> 0.083333333 | C83: =B83+1/24 -> 0.125 | K83: =(J83-I83+(J83<I83))*24*60 -> 0 | O83: =IF(H83=$V$5,$F$7,"") | S83: =IF($H83="ПЛАНОВЫЕ",$K83,0) -> 0 | T83: =IF($H83="ПРОИЗВОДСТВЕННЫЕ",$K83,0) -> 0 | U83: =IF($H83="ТЕХНИЧЕСКИЕ",$K83,0) -> 0 | V83: =IF($H83="ТЕХНОЛОГИЧЕСКИЕ",$K83,0) -> 0 | W83: =IF($H83="ЛАБОРАТОРНЫЕ",$K83,0) -> 0 | X83: =IF($H83="СЫРЬЕВЫЕ",$K83,0) -> 0 | Y83: =IF($H83="ЛОГИСТИЧЕСКИЕ",$K83,0) -> 0 | Z83: =IF($H83="ОБЩЕЗАВОДСКИЕ",$K83,0) -> 0
B84: =C83 -> 0.125 | C84: =B84+1/24 -> 0.16666667 | K84: =(J84-I84+(J84<I84))*24*60 -> 0 | O84: =IF(H84=$V$5,$F$7,"") | S84: =IF($H84="ПЛАНОВЫЕ",$K84,0) -> 0 | T84: =IF($H84="ПРОИЗВОДСТВЕННЫЕ",$K84,0) -> 0 | U84: =IF($H84="ТЕХНИЧЕСКИЕ",$K84,0) -> 0 | V84: =IF($H84="ТЕХНОЛОГИЧЕСКИЕ",$K84,0) -> 0 | W84: =IF($H84="ЛАБОРАТОРНЫЕ",$K84,0) -> 0 | X84: =IF($H84="СЫРЬЕВЫЕ",$K84,0) -> 0 | Y84: =IF($H84="ЛОГИСТИЧЕСКИЕ",$K84,0) -> 0 | Z84: =IF($H84="ОБЩЕЗАВОДСКИЕ",$K84,0) -> 0
B85: =C84 -> 0.16666667 | C85: =B85+1/24 -> 0.20833333 | K85: =(J85-I85+(J85<I85))*24*60 -> 0 | O85: =IF(H85=$V$5,$F$7,"") | S85: =IF($H85="ПЛАНОВЫЕ",$K85,0) -> 0 | T85: =IF($H85="ПРОИЗВОДСТВЕННЫЕ",$K85,0) -> 0 | U85: =IF($H85="ТЕХНИЧЕСКИЕ",$K85,0) -> 0 | V85: =IF($H85="ТЕХНОЛОГИЧЕСКИЕ",$K85,0) -> 0 | W85: =IF($H85="ЛАБОРАТОРНЫЕ",$K85,0) -> 0 | X85: =IF($H85="СЫРЬЕВЫЕ",$K85,0) -> 0 | Y85: =IF($H85="ЛОГИСТИЧЕСКИЕ",$K85,0) -> 0 | Z85: =IF($H85="ОБЩЕЗАВОДСКИЕ",$K85,0) -> 0
B86: =C85 -> 0.20833333 | C86: =B86+1/24 -> 0.25 | K86: =(J86-I86+(J86<I86))*24*60 -> 0 | O86: =IF(H86=$V$5,$F$7,"") | S86: =IF($H86="ПЛАНОВЫЕ",$K86,0) -> 0 | T86: =IF($H86="ПРОИЗВОДСТВЕННЫЕ",$K86,0) -> 0 | U86: =IF($H86="ТЕХНИЧЕСКИЕ",$K86,0) -> 0 | V86: =IF($H86="ТЕХНОЛОГИЧЕСКИЕ",$K86,0) -> 0 | W86: =IF($H86="ЛАБОРАТОРНЫЕ",$K86,0) -> 0 | X86: =IF($H86="СЫРЬЕВЫЕ",$K86,0) -> 0 | Y86: =IF($H86="ЛОГИСТИЧЕСКИЕ",$K86,0) -> 0 | Z86: =IF($H86="ОБЩЕЗАВОДСКИЕ",$K86,0) -> 0
B87: =C86 -> 0.25 | C87: =B87+1/24 -> 0.29166667 | K87: =(J87-I87+(J87<I87))*24*60 -> 0 | O87: =IF(H87=$V$5,$F$7,"") | S87: =IF($H87="ПЛАНОВЫЕ",$K87,0) -> 0 | T87: =IF($H87="ПРОИЗВОДСТВЕННЫЕ",$K87,0) -> 0 | U87: =IF($H87="ТЕХНИЧЕСКИЕ",$K87,0) -> 0 | V87: =IF($H87="ТЕХНОЛОГИЧЕСКИЕ",$K87,0) -> 0 | W87: =IF($H87="ЛАБОРАТОРНЫЕ",$K87,0) -> 0 | X87: =IF($H87="СЫРЬЕВЫЕ",$K87,0) -> 0 | Y87: =IF($H87="ЛОГИСТИЧЕСКИЕ",$K87,0) -> 0 | Z87: =IF($H87="ОБЩЕЗАВОДСКИЕ",$K87,0) -> 0
B88: =C87 -> 0.29166667 | C88: =B88+1/24 -> 0.33333333 | K88: =(J88-I88+(J88<I88))*24*60 -> 0 | O88: =IF(H88=$V$5,$F$7,"") | S88: =IF($H88="ПЛАНОВЫЕ",$K88,0) -> 0 | T88: =IF($H88="ПРОИЗВОДСТВЕННЫЕ",$K88,0) -> 0 | U88: =IF($H88="ТЕХНИЧЕСКИЕ",$K88,0) -> 0 | V88: =IF($H88="ТЕХНОЛОГИЧЕСКИЕ",$K88,0) -> 0 | W88: =IF($H88="ЛАБОРАТОРНЫЕ",$K88,0) -> 0 | X88: =IF($H88="СЫРЬЕВЫЕ",$K88,0) -> 0 | Y88: =IF($H88="ЛОГИСТИЧЕСКИЕ",$K88,0) -> 0 | Z88: =IF($H88="ОБЩЕЗАВОДСКИЕ",$K88,0) -> 0
B89: =C88 -> 0.33333333 | C89: =B89+1/24 -> 0.375 | K89: =(J89-I89+(J89<I89))*24*60 -> 0 | O89: =IF(H89=$V$5,$F$7,"") | S89: =IF($H89="ПЛАНОВЫЕ",$K89,0) -> 0 | T89: =IF($H89="ПРОИЗВОДСТВЕННЫЕ",$K89,0) -> 0 | U89: =IF($H89="ТЕХНИЧЕСКИЕ",$K89,0) -> 0 | V89: =IF($H89="ТЕХНОЛОГИЧЕСКИЕ",$K89,0) -> 0 | W89: =IF($H89="ЛАБОРАТОРНЫЕ",$K89,0) -> 0 | X89: =IF($H89="СЫРЬЕВЫЕ",$K89,0) -> 0 | Y89: =IF($H89="ЛОГИСТИЧЕСКИЕ",$K89,0) -> 0 | Z89: =IF($H89="ОБЩЕЗАВОДСКИЕ",$K89,0) -> 0
B90: =C89 -> 0.375 | C90: =B90+1/24 -> 0.41666667 | K90: =(J90-I90+(J90<I90))*24*60 -> 0 | O90: =IF(H90=$V$5,$F$7,"") | S90: =IF($H90="ПЛАНОВЫЕ",$K90,0) -> 0 | T90: =IF($H90="ПРОИЗВОДСТВЕННЫЕ",$K90,0) -> 0 | U90: =IF($H90="ТЕХНИЧЕСКИЕ",$K90,0) -> 0 | V90: =IF($H90="ТЕХНОЛОГИЧЕСКИЕ",$K90,0) -> 0 | W90: =IF($H90="ЛАБОРАТОРНЫЕ",$K90,0) -> 0 | X90: =IF($H90="СЫРЬЕВЫЕ",$K90,0) -> 0 | Y90: =IF($H90="ЛОГИСТИЧЕСКИЕ",$K90,0) -> 0 | Z90: =IF($H90="ОБЩЕЗАВОДСКИЕ",$K90,0) -> 0
B91: =C90 -> 0.41666667 | C91: =B91+1/24 -> 0.45833333 | K91: =(J91-I91+(J91<I91))*24*60 -> 0 | O91: =IF(H91=$V$5,$F$7,"") | S91: =IF($H91="ПЛАНОВЫЕ",$K91,0) -> 0 | T91: =IF($H91="ПРОИЗВОДСТВЕННЫЕ",$K91,0) -> 0 | U91: =IF($H91="ТЕХНИЧЕСКИЕ",$K91,0) -> 0 | V91: =IF($H91="ТЕХНОЛОГИЧЕСКИЕ",$K91,0) -> 0 | W91: =IF($H91="ЛАБОРАТОРНЫЕ",$K91,0) -> 0 | X91: =IF($H91="СЫРЬЕВЫЕ",$K91,0) -> 0 | Y91: =IF($H91="ЛОГИСТИЧЕСКИЕ",$K91,0) -> 0 | Z91: =IF($H91="ОБЩЕЗАВОДСКИЕ",$K91,0) -> 0
A92: =A41 -> 0 | K92: =(J92-I92+(J92<I92))*24*60 -> 0 | O92: =IF(H92=$V$5,$F$7,"") | S92: =IF($H92="ПЛАНОВЫЕ",$K92,0) -> 0 | T92: =IF($H92="ПРОИЗВОДСТВЕННЫЕ",$K92,0) -> 0 | U92: =IF($H92="ТЕХНИЧЕСКИЕ",$K92,0) -> 0 | V92: =IF($H92="ТЕХНОЛОГИЧЕСКИЕ",$K92,0) -> 0 | W92: =IF($H92="ЛАБОРАТОРНЫЕ",$K92,0) -> 0 | X92: =IF($H92="СЫРЬЕВЫЕ",$K92,0) -> 0 | Y92: =IF($H92="ЛОГИСТИЧЕСКИЕ",$K92,0) -> 0 | Z92: =IF($H92="ОБЩЕЗАВОДСКИЕ",$K92,0) -> 0
K93: =(J93-I93+(J93<I93))*24*60 -> 0 | O93: =IF(H93=$V$5,$F$7,"") | S93: =IF($H93="ПЛАНОВЫЕ",$K93,0) -> 0 | T93: =IF($H93="ПРОИЗВОДСТВЕННЫЕ",$K93,0) -> 0 | U93: =IF($H93="ТЕХНИЧЕСКИЕ",$K93,0) -> 0 | V93: =IF($H93="ТЕХНОЛОГИЧЕСКИЕ",$K93,0) -> 0 | W93: =IF($H93="ЛАБОРАТОРНЫЕ",$K93,0) -> 0 | X93: =IF($H93="СЫРЬЕВЫЕ",$K93,0) -> 0 | Y93: =IF($H93="ЛОГИСТИЧЕСКИЕ",$K93,0) -> 0 | Z93: =IF($H93="ОБЩЕЗАВОДСКИЕ",$K93,0) -> 0
K94: =(J94-I94+(J94<I94))*24*60 -> 0 | O94: =IF(H94=$V$5,$F$7,"") | S94: =IF($H94="ПЛАНОВЫЕ",$K94,0) -> 0 | T94: =IF($H94="ПРОИЗВОДСТВЕННЫЕ",$K94,0) -> 0 | U94: =IF($H94="ТЕХНИЧЕСКИЕ",$K94,0) -> 0 | V94: =IF($H94="ТЕХНОЛОГИЧЕСКИЕ",$K94,0) -> 0 | W94: =IF($H94="ЛАБОРАТОРНЫЕ",$K94,0) -> 0 | X94: =IF($H94="СЫРЬЕВЫЕ",$K94,0) -> 0 | Y94: =IF($H94="ЛОГИСТИЧЕСКИЕ",$K94,0) -> 0 | Z94: =IF($H94="ОБЩЕЗАВОДСКИЕ",$K94,0) -> 0
K95: =(J95-I95+(J95<I95))*24*60 -> 0 | O95: =IF(H95=$V$5,$F$7,"") | S95: =IF($H95="ПЛАНОВЫЕ",$K95,0) -> 0 | T95: =IF($H95="ПРОИЗВОДСТВЕННЫЕ",$K95,0) -> 0 | U95: =IF($H95="ТЕХНИЧЕСКИЕ",$K95,0) -> 0 | V95: =IF($H95="ТЕХНОЛОГИЧЕСКИЕ",$K95,0) -> 0 | W95: =IF($H95="ЛАБОРАТОРНЫЕ",$K95,0) -> 0 | X95: =IF($H95="СЫРЬЕВЫЕ",$K95,0) -> 0 | Y95: =IF($H95="ЛОГИСТИЧЕСКИЕ",$K95,0) -> 0 | Z95: =IF($H95="ОБЩЕЗАВОДСКИЕ",$K95,0) -> 0
K96: =(J96-I96+(J96<I96))*24*60 -> 0 | O96: =IF(H96=$V$5,$F$7,"") | S96: =IF($H96="ПЛАНОВЫЕ",$K96,0) -> 0 | T96: =IF($H96="ПРОИЗВОДСТВЕННЫЕ",$K96,0) -> 0 | U96: =IF($H96="ТЕХНИЧЕСКИЕ",$K96,0) -> 0 | V96: =IF($H96="ТЕХНОЛОГИЧЕСКИЕ",$K96,0) -> 0 | W96: =IF($H96="ЛАБОРАТОРНЫЕ",$K96,0) -> 0 | X96: =IF($H96="СЫРЬЕВЫЕ",$K96,0) -> 0 | Y96: =IF($H96="ЛОГИСТИЧЕСКИЕ",$K96,0) -> 0 | Z96: =IF($H96="ОБЩЕЗАВОДСКИЕ",$K96,0) -> 0
K97: =(J97-I97+(J97<I97))*24*60 -> 0 | O97: =IF(H97=$V$5,$F$7,"") | S97: =IF($H97="ПЛАНОВЫЕ",$K97,0) -> 0 | T97: =IF($H97="ПРОИЗВОДСТВЕННЫЕ",$K97,0) -> 0 | U97: =IF($H97="ТЕХНИЧЕСКИЕ",$K97,0) -> 0 | V97: =IF($H97="ТЕХНОЛОГИЧЕСКИЕ",$K97,0) -> 0 | W97: =IF($H97="ЛАБОРАТОРНЫЕ",$K97,0) -> 0 | X97: =IF($H97="СЫРЬЕВЫЕ",$K97,0) -> 0 | Y97: =IF($H97="ЛОГИСТИЧЕСКИЕ",$K97,0) -> 0 | Z97: =IF($H97="ОБЩЕЗАВОДСКИЕ",$K97,0) -> 0
K98: =(J98-I98+(J98<I98))*24*60 -> 0 | O98: =IF(H98=$V$5,$F$7,"") | S98: =IF($H98="ПЛАНОВЫЕ",$K98,0) -> 0 | T98: =IF($H98="ПРОИЗВОДСТВЕННЫЕ",$K98,0) -> 0 | U98: =IF($H98="ТЕХНИЧЕСКИЕ",$K98,0) -> 0 | V98: =IF($H98="ТЕХНОЛОГИЧЕСКИЕ",$K98,0) -> 0 | W98: =IF($H98="ЛАБОРАТОРНЫЕ",$K98,0) -> 0 | X98: =IF($H98="СЫРЬЕВЫЕ",$K98,0) -> 0 | Y98: =IF($H98="ЛОГИСТИЧЕСКИЕ",$K98,0) -> 0 | Z98: =IF($H98="ОБЩЕЗАВОДСКИЕ",$K98,0) -> 0
K99: =(J99-I99+(J99<I99))*24*60 -> 0 | O99: =IF(H99=$V$5,$F$7,"") | S99: =IF($H99="ПЛАНОВЫЕ",$K99,0) -> 0 | T99: =IF($H99="ПРОИЗВОДСТВЕННЫЕ",$K99,0) -> 0 | U99: =IF($H99="ТЕХНИЧЕСКИЕ",$K99,0) -> 0 | V99: =IF($H99="ТЕХНОЛОГИЧЕСКИЕ",$K99,0) -> 0 | W99: =IF($H99="ЛАБОРАТОРНЫЕ",$K99,0) -> 0 | X99: =IF($H99="СЫРЬЕВЫЕ",$K99,0) -> 0 | Y99: =IF($H99="ЛОГИСТИЧЕСКИЕ",$K99,0) -> 0 | Z99: =IF($H99="ОБЩЕЗАВОДСКИЕ",$K99,0) -> 0
K100: =(J100-I100+(J100<I100))*24*60 -> 0 | O100: =IF(H100=$V$5,$F$7,"") | S100: =IF($H100="ПЛАНОВЫЕ",$K100,0) -> 0 | T100: =IF($H100="ПРОИЗВОДСТВЕННЫЕ",$K100,0) -> 0 | U100: =IF($H100="ТЕХНИЧЕСКИЕ",$K100,0) -> 0 | V100: =IF($H100="ТЕХНОЛОГИЧЕСКИЕ",$K100,0) -> 0 | W100: =IF($H100="ЛАБОРАТОРНЫЕ",$K100,0) -> 0 | X100: =IF($H100="СЫРЬЕВЫЕ",$K100,0) -> 0 | Y100: =IF($H100="ЛОГИСТИЧЕСКИЕ",$K100,0) -> 0 | Z100: =IF($H100="ОБЩЕЗАВОДСКИЕ",$K100,0) -> 0
K101: =(J101-I101+(J101<I101))*24*60 -> 0 | O101: =IF(H101=$V$5,$F$7,"") | S101: =IF($H101="ПЛАНОВЫЕ",$K101,0) -> 0 | T101: =IF($H101="ПРОИЗВОДСТВЕННЫЕ",$K101,0) -> 0 | U101: =IF($H101="ТЕХНИЧЕСКИЕ",$K101,0) -> 0 | V101: =IF($H101="ТЕХНОЛОГИЧЕСКИЕ",$K101,0) -> 0 | W101: =IF($H101="ЛАБОРАТОРНЫЕ",$K101,0) -> 0 | X101: =IF($H101="СЫРЬЕВЫЕ",$K101,0) -> 0 | Y101: =IF($H101="ЛОГИСТИЧЕСКИЕ",$K101,0) -> 0 | Z101: =IF($H101="ОБЩЕЗАВОДСКИЕ",$K101,0) -> 0
K102: =(J102-I102+(J102<I102))*24*60 -> 0 | O102: =IF(H102=$V$5,$F$7,"") | S102: =IF($H102="ПЛАНОВЫЕ",$K102,0) -> 0 | T102: =IF($H102="ПРОИЗВОДСТВЕННЫЕ",$K102,0) -> 0 | U102: =IF($H102="ТЕХНИЧЕСКИЕ",$K102,0) -> 0 | V102: =IF($H102="ТЕХНОЛОГИЧЕСКИЕ",$K102,0) -> 0 | W102: =IF($H102="ЛАБОРАТОРНЫЕ",$K102,0) -> 0 | X102: =IF($H102="СЫРЬЕВЫЕ",$K102,0) -> 0 | Y102: =IF($H102="ЛОГИСТИЧЕСКИЕ",$K102,0) -> 0 | Z102: =IF($H102="ОБЩЕЗАВОДСКИЕ",$K102,0) -> 0
A103: =A42 -> 0 | K103: =(J103-I103+(J103<I103))*24*60 -> 0 | O103: =IF(H103=$V$5,$F$7,"") | S103: =IF($H103="ПЛАНОВЫЕ",$K103,0) -> 0 | T103: =IF($H103="ПРОИЗВОДСТВЕННЫЕ",$K103,0) -> 0 | U103: =IF($H103="ТЕХНИЧЕСКИЕ",$K103,0) -> 0 | V103: =IF($H103="ТЕХНОЛОГИЧЕСКИЕ",$K103,0) -> 0 | W103: =IF($H103="ЛАБОРАТОРНЫЕ",$K103,0) -> 0 | X103: =IF($H103="СЫРЬЕВЫЕ",$K103,0) -> 0 | Y103: =IF($H103="ЛОГИСТИЧЕСКИЕ",$K103,0) -> 0 | Z103: =IF($H103="ОБЩЕЗАВОДСКИЕ",$K103,0) -> 0
K104: =(J104-I104+(J104<I104))*24*60 -> 0 | O104: =IF(H104=$V$5,$F$7,"") | S104: =IF($H104="ПЛАНОВЫЕ",$K104,0) -> 0 | T104: =IF($H104="ПРОИЗВОДСТВЕННЫЕ",$K104,0) -> 0 | U104: =IF($H104="ТЕХНИЧЕСКИЕ",$K104,0) -> 0 | V104: =IF($H104="ТЕХНОЛОГИЧЕСКИЕ",$K104,0) -> 0 | W104: =IF($H104="ЛАБОРАТОРНЫЕ",$K104,0) -> 0 | X104: =IF($H104="СЫРЬЕВЫЕ",$K104,0) -> 0 | Y104: =IF($H104="ЛОГИСТИЧЕСКИЕ",$K104,0) -> 0 | Z104: =IF($H104="ОБЩЕЗАВОДСКИЕ",$K104,0) -> 0
K105: =(J105-I105+(J105<I105))*24*60 -> 0 | O105: =IF(H105=$V$5,$F$7,"") | S105: =IF($H105="ПЛАНОВЫЕ",$K105,0) -> 0 | T105: =IF($H105="ПРОИЗВОДСТВЕННЫЕ",$K105,0) -> 0 | U105: =IF($H105="ТЕХНИЧЕСКИЕ",$K105,0) -> 0 | V105: =IF($H105="ТЕХНОЛОГИЧЕСКИЕ",$K105,0) -> 0 | W105: =IF($H105="ЛАБОРАТОРНЫЕ",$K105,0) -> 0 | X105: =IF($H105="СЫРЬЕВЫЕ",$K105,0) -> 0 | Y105: =IF($H105="ЛОГИСТИЧЕСКИЕ",$K105,0) -> 0 | Z105: =IF($H105="ОБЩЕЗАВОДСКИЕ",$K105,0) -> 0
K106: =(J106-I106+(J106<I106))*24*60 -> 0 | O106: =IF(H106=$V$5,$F$7,"") | S106: =IF($H106="ПЛАНОВЫЕ",$K106,0) -> 0 | T106: =IF($H106="ПРОИЗВОДСТВЕННЫЕ",$K106,0) -> 0 | U106: =IF($H106="ТЕХНИЧЕСКИЕ",$K106,0) -> 0 | V106: =IF($H106="ТЕХНОЛОГИЧЕСКИЕ",$K106,0) -> 0 | W106: =IF($H106="ЛАБОРАТОРНЫЕ",$K106,0) -> 0 | X106: =IF($H106="СЫРЬЕВЫЕ",$K106,0) -> 0 | Y106: =IF($H106="ЛОГИСТИЧЕСКИЕ",$K106,0) -> 0 | Z106: =IF($H106="ОБЩЕЗАВОДСКИЕ",$K106,0) -> 0
K107: =(J107-I107+(J107<I107))*24*60 -> 0 | O107: =IF(H107=$V$5,$F$7,"") | S107: =IF($H107="ПЛАНОВЫЕ",$K107,0) -> 0 | T107: =IF($H107="ПРОИЗВОДСТВЕННЫЕ",$K107,0) -> 0 | U107: =IF($H107="ТЕХНИЧЕСКИЕ",$K107,0) -> 0 | V107: =IF($H107="ТЕХНОЛОГИЧЕСКИЕ",$K107,0) -> 0 | W107: =IF($H107="ЛАБОРАТОРНЫЕ",$K107,0) -> 0 | X107: =IF($H107="СЫРЬЕВЫЕ",$K107,0) -> 0 | Y107: =IF($H107="ЛОГИСТИЧЕСКИЕ",$K107,0) -> 0 | Z107: =IF($H107="ОБЩЕЗАВОДСКИЕ",$K107,0) -> 0
K108: =(J108-I108+(J108<I108))*24*60 -> 0 | O108: =IF(H108=$V$5,$F$7,"") | S108: =IF($H108="ПЛАНОВЫЕ",$K108,0) -> 0 | T108: =IF($H108="ПРОИЗВОДСТВЕННЫЕ",$K108,0) -> 0 | U108: =IF($H108="ТЕХНИЧЕСКИЕ",$K108,0) -> 0 | V108: =IF($H108="ТЕХНОЛОГИЧЕСКИЕ",$K108,0) -> 0 | W108: =IF($H108="ЛАБОРАТОРНЫЕ",$K108,0) -> 0 | X108: =IF($H108="СЫРЬЕВЫЕ",$K108,0) -> 0 | Y108: =IF($H108="ЛОГИСТИЧЕСКИЕ",$K108,0) -> 0 | Z108: =IF($H108="ОБЩЕЗАВОДСКИЕ",$K108,0) -> 0
K109: =(J109-I109+(J109<I109))*24*60 -> 0 | O109: =IF(H109=$V$5,$F$7,"") | S109: =IF($H109="ПЛАНОВЫЕ",$K109,0) -> 0 | T109: =IF($H109="ПРОИЗВОДСТВЕННЫЕ",$K109,0) -> 0 | U109: =IF($H109="ТЕХНИЧЕСКИЕ",$K109,0) -> 0 | V109: =IF($H109="ТЕХНОЛОГИЧЕСКИЕ",$K109,0) -> 0 | W109: =IF($H109="ЛАБОРАТОРНЫЕ",$K109,0) -> 0 | X109: =IF($H109="СЫРЬЕВЫЕ",$K109,0) -> 0 | Y109: =IF($H109="ЛОГИСТИЧЕСКИЕ",$K109,0) -> 0 | Z109: =IF($H109="ОБЩЕЗАВОДСКИЕ",$K109,0) -> 0
...

Sheet 2
A1: Сменный отчет выпуска продукции
A2: Линия розлива № 3 - 0,75 л. - 1,0 л.
A3: Смена "Д" день с 08:00 по 20:00 | F3: Сутки план/факт | G3: =SUM(J21:J32)+SUM(J136:J147) -> 82633.333 | H3: =SUM(K21:K32)+SUM(K136:K147) -> 70009 | I3: паспортная скорость | J3: 3700 | K3: Время смены | L3: 720 | V3: плановые
A4: Должность | F4: ФИО ответственного | I4: Рабочее место оператора | K4: ФИО оператора | N4: Поля для заполнения | V4: производственные
A5: Начальник смены | F5: Тряничкин | I5: Депаллетайзер | O5: ФИКСИРОВАННЫЕ ПОЛЯ, НЕ ЗАПОЛНЯТЬ | V5: технические
A6: Мастер | F6: Шалимова | I6: Розлив, укупор | V6: технологические
A7: Контролер | I7: Этикетировочный автомат | O7: ПОЛЯ ДЛЯ ЗАПОЛНЕНИЯ МАСТЕРОМ | V7: лабораторные
A8: Наладчик оборудования | I8: Термоупаковщик | V8: сырьевые
A9: Наладчик оборудования | V9: логистические
A14: ИТОГОВЫЙ РЕЗУЛЬТАТ РАБОТЫ СМЕНЫ (ВЫЧИСЛЯЕТСЯ АВТОМАТИЧЕСКИ) | N14: ПРОСТОИ (ВЫЧИСЛЯЕТСЯ АВТОМАТИЧЕСКИ) | V14: общезаводские
A15: НАИМЕНОВАНИЕ НАПИТКА | B15: Время начала производства | C15: Время окончания производства | D15: Время работы смены | E15: Плановая производительность | F15: Приведенное продуктивное время | G15: Эффективность от паспортной скорости % | H15: Вычитаемые простои (плановые, общезаводские) | I15: Условные простои (Необоснованные потери), мин | J15: Расчетная плановая производительность с учетом вычитаемых простоев | K15: Фактическая производительность за смену | L15: Выполнение сменного задания %, невыполнение -, перевыполнение + | N15: Вид Простоя | P15: Длительность, час | V15: Итого
N19: ПЛАНОВЫЕ | P19: =SUM(S47:S58) -> 50 | Q19: =SUM(S59:S69) -> 0 | R19: =SUM(S70:S80) -> 0 | S19: =SUM(S81:S91) -> 0 | T19: =SUM(S92:S102) -> 0 | U19: =SUM(S103:S113) -> 0 | V19: =P19+Q19+R19+S19+T19+U19 -> 50
D20: [мин] | E20: [шт./час] | F20: [мин] | H20: [мин] | J20: [шт./смену] | K20: [шт./смену] | L20: % | N20: ПРОИЗВОДСТВЕННЫЕ | P20: =SUM(T46:T57) -> 0 | Q20: =SUM(T58:T68) -> 0 | R20: =SUM(T69:T79) -> 0 | S20: =SUM(T80:T90) -> 0 | T20: =SUM(T91:T101) -> 0 | U20: =SUM(T102:T112) -> 0 | V20: =P20+Q20+R20+S20+T20+U20 -> 0
A21: =A37 -> тыква 1л | B21: 0.33333333 | C21: 0.83333333 | D21: =(C21-B21+(C21<B21))*24*60 -> 720 | E21: 3700 | F21: =IF(E21=0,0,(F37/J3*60)) -> 567.71351 | G21: =IF($K21=0,0,(K21*100)/(D21*$J$3/60)) -> 78.849099 | H21: =P19+P26 -> 50 | I21: =D21-F21-P27 -> 42.286486 | J21: =(D21-H21)/60*E21 -> 41316.667 | K21: =F37 -> 35009 | L21: =IF($K21=0,0,K21/J21) -> 0.8473336 | N21: ТЕХНИЧЕСКИЕ | P21: =SUM(U46:U57) -> 60 | Q21: =SUM(U58:U68) -> 0 | R21: =SUM(U69:U79) -> 0 | S21: =SUM(U80:U90) -> 0 | T21: =SUM(U91:U101) -> 0 | U21: =SUM(U102:U112) -> 0 | V21: =P21+Q21+R21+S21+T21+U21 -> 60
L22: =K21-J21 -> -6307.6667 | N22: ТЕХНОЛОГИЧЕСКИЕ | P22: =SUM(V46:V57) -> 0 | Q22: =SUM(V58:V68) -> 0 | R22: =SUM(V69:V79) -> 0 | S22: =SUM(V80:V90) -> 0 | T22: =SUM(V91:V101) -> 0 | U22: =SUM(V102:V112) -> 0 | V22: =P22+Q22+R22+S22+T22+U22 -> 0
A23: =A38 -> 0 | D23: =(C23-B23+(C23<B23))*24*60 -> 0 | F23: =IF(E23=0,0,(F38/J3*60)) -> 0 | G23: =IF($K23=0,0,(K23*100)/(D23*$J$3/60)) -> 0 | H23: =Q19+Q26 -> 0 | I23: =D23-F23-Q27 -> 0 | J23: =(D23-H23)/60*E23 -> 0 | K23: =F38 -> 0 | L23: =IF($K23=0,0,K23/J23) -> 0 | N23: ЛАБОРАТОРНЫЕ | P23: =SUM(W46:W57) -> 0 | Q23: =SUM(W58:W68) -> 0 | R23: =SUM(W69:W79) -> 0 | S23: =SUM(W80:W90) -> 0 | T23: =SUM(W91:W101) -> 0 | U23: =SUM(W102:W112) -> 0 | V23: =P23+Q23+R23+S23+T23+U23 -> 0
L24: =K23-J23 -> 0 | N24: СЫРЬЕВЫЕ | P24: =SUM(X46:X57) -> 0 | Q24: =SUM(X58:X68) -> 0 | R24: =SUM(X69:X79) -> 0 | S24: =SUM(X80:X90) -> 0 | T24: =SUM(X91:X101) -> 0 | U24: =SUM(X102:X112) -> 0 | V24: =P24+Q24+R24+S24+T24+U24 -> 0
A25: =A39 -> 0 | D25: =(C25-B25+(C25<B25))*24*60 -> 0 | F25: =IF(E25=0,0,(F39/J3*60)) -> 0 | G25: =IF($K25=0,0,(K25*100)/(D25*$J$3/60)) -> 0 | H25: =R19+R26 -> 0 | I25: =D25-F25-R27 -> 0 | J25: =(D25-H25)/60*E25 -> 0 | K25: =F39 -> 0 | L25: =IF($K25=0,0,K25/J25) -> 0 | N25: ЛОГИСТИЧЕСКИЕ | P25: =SUM(Y46:Y57) -> 0 | Q25: =SUM(Y58:Y68) -> 0 | R25: =SUM(Y69:Y79) -> 0 | S25: =SUM(Y80:Y90) -> 0 | T25: =SUM(Y91:Y101) -> 0 | U25: =SUM(Y102:Y112) -> 0 | V25: =P25+Q25+R25+S25+T25+U25 -> 0
L26: =K25-J25 -> 0 | N26: ОБЩЕЗАВОДСКИЕ | P26: =SUM(Z46:Z57) -> 0 | Q26: =SUM(Z58:Z68) -> 0 | R26: =SUM(Z69:Z79) -> 0 | S26: =SUM(Z80:Z90) -> 0 | T26: =SUM(Z91:Z101) -> 0 | U26: =SUM(Z102:Z112) -> 0 | V26: =P26+Q26+R26+S26+T26+U26 -> 0
A27: =A40 -> 0 | D27: =(C27-B27+(C27<B27))*24*60 -> 0 | F27: =IF(E27=0,0,(F40/J3*60)) -> 0 | G27: =IF($K27=0,0,(K27*100)/(D27*$J$3/60)) -> 0 | H27: =S19+S26 -> 0 | I27: =D27-F27-S27 -> 0 | J27: =(D27-H27)/60*E27 -> 0 | K27: =F40 -> 0 | L27: =IF($K27=0,0,K27/J27) -> 0 | N27: ИТОГО | P27: =SUM(P18:P26) -> 110 | Q27: =SUM(Q18:Q26) -> 0 | R27: =SUM(R18:R26) -> 0 | S27: =SUM(S18:S26) -> 0 | T27: =SUM(T18:T26) -> 0 | U27: =SUM(U18:U26) -> 0 | V27: =P27+Q27+R27+S27+T27+U27 -> 110
L28: =K27-J27 -> 0
A29: =A41 -> 0 | D29: =(C29-B29+(C29<B29))*24*60 -> 0 | F29: =IF(E29=0,0,(F41/J3*60)) -> 0 | G29: =IF($K29=0,0,(K29*100)/(D29*$J$3/60)) -> 0 | H29: =T19+T26 -> 0 | I29: =D29-F29-T27 -> 0 | J29: =(D29-H29)/60*E29 -> 0 | K29: =F41 -> 0 | L29: =IF($K29=0,0,K29/J29) -> 0
L30: =K29-J29 -> 0
A31: =A42 -> 0 | D31: =(C31-B31+(C31<B31))*24*60 -> 0 | F31: =IF(E31=0,0,(F42/J3*60)) -> 0 | G31: =IF($K31=0,0,(K31*100)/(D31*$J$3/60)) -> 0 | H31: =U19+U26 -> 0 | I31: =D31-F31-U27 -> 0 | J31: =(D31-H31)/60*E31 -> 0 | K31: =F42 -> 0 | L31: =IF($K31=0,0,K31/J31) -> 0
L32: =K31-J31 -> 0
A33: НАИМЕНОВАНИЕ И КОЛИЧЕСТВО ПРОИЗВЕДЕННОЙ ПРОДУКЦИИ (ЗАПОЛНЯЕТСЯ МАСТЕРОМ) | J33: Итого план | K33: Итого факт | L33: =IF($K34=0,0,K34/J34) -> 0.8473336
J34: =J21+J23+J25+J27+J29+J31 -> 41316.667 | K34: =K21+K23+K25+K27+K29+K31 -> 35009
A35: Наименование продукции, формат | F35: Выпуск по счетчику | G35: Сдано на склад ГП | L35: Средний коэффициент по смене
A37: тыква 1л | F37: 35009 | G37: 32760 | K37: =G37 -> 32760
K38: =G38 -> 0
K39: =G39 -> 0
K40: =G40 -> 0
K41: =G41 -> 0
K42: =G42 -> 0
A43: ИТОГО СДАНО НА СКЛАД ПРОДУКЦИИ | K43: =SUM(K37:K42) -> 32760 | L43: =SUM(L38+L38) -> 0
A45: Наименование продукции, формат | B45: Время, час | D45: Объем производства, шт | E45: Автомат | F45: Описание простоя, причины | H45: Вид простоя | I45: Период простоя | K45: Время (мин) | L45: Корректирующие мероприятия | O45: Ответственный | P45: Сроки | Q45: Статус выполнения | S45: ПРОСТОИ
I46: Начало | J46: Конец | S46: ПЛАНОВЫЕ | T46: ПРОИЗВОДСТВЕННЫЕ | U46: ТЕХНИЧЕСКИЕ | V46: ТЕХНОЛОГИЧЕСКИЕ | W46: ЛАБОРАТОРНЫЕ | X46: СЫРЬЕВЫЕ | Y46: ЛОГИСТИЧЕСКИЕ | Z46: ОБЩЕЗАВОДСКИЕ
A47: =A37 -> тыква 1л | B47: =B21 -> 0.33333333 | C47: =B47+1/24 -> 0.375 | F47: этикетка | H47: плановые | I47: 0.33333333 | J47: 0.34027778 | K47: =(J47-I47+(J47<I47))*24*60 -> 10 | O47: =IF(H47=$V$5,$F$7,"") | S47: =IF($H47="ПЛАНОВЫЕ",$K47,0) -> 10 | T47: =IF($H47="ПРОИЗВОДСТВЕННЫЕ",$K47,0) -> 0 | U47: =IF($H47="ТЕХНИЧЕСКИЕ",$K47,0) -> 0 | V47: =IF($H47="ТЕХНОЛОГИЧЕСКИЕ",$K47,0) -> 0 | W47: =IF($H47="ЛАБОРАТОРНЫЕ",$K47,0) -> 0 | X47: =IF($H47="СЫРЬЕВЫЕ",$K47,0) -> 0 | Y47: =IF($H47="ЛОГИСТИЧЕСКИЕ",$K47,0) -> 0 | Z47: =IF($H47="ОБЩЕЗАВОДСКИЕ",$K47,0) -> 0
B48: =C47 -> 0.375 | C48: =B48+1/24 -> 0.41666667 | F48: пленка | H48: плановые | I48: 0.34027778 | J48: 0.34722222 | K48: =(J48-I48+(J48<I48))*24*60 -> 10 | O48: =IF(H48=$V$5,$F$7,"") | S48: =IF($H48="ПЛАНОВЫЕ",$K48,0) -> 10 | T48: =IF($H48="ПРОИЗВОДСТВЕННЫЕ",$K48,0) -> 0 | U48: =IF($H48="ТЕХНИЧЕСКИЕ",$K48,0) -> 0 | V48: =IF($H48="ТЕХНОЛОГИЧЕСКИЕ",$K48,0) -> 0 | W48: =IF($H48="ЛАБОРАТОРНЫЕ",$K48,0) -> 0 | X48: =IF($H48="СЫРЬЕВЫЕ",$K48,0) -> 0 | Y48: =IF($H48="ЛОГИСТИЧЕСКИЕ",$K48,0) -> 0 | Z48: =IF($H48="ОБЩЕЗАВОДСКИЕ",$K48,0) -> 0
B49: =C48 -> 0.41666667 | C49: =B49+1/24 -> 0.45833333 | F49: чз | H49: плановые | I49: 0.34722222 | J49: 0.36111111 | K49: =(J49-I49+(J49<I49))*24*60 -> 20 | L49: настройка читателя | O49: =IF(H49=$V$5,$F$7,"") | S49: =IF($H49="ПЛАНОВЫЕ",$K49,0) -> 20 | T49: =IF($H49="ПРОИЗВОДСТВЕННЫЕ",$K49,0) -> 0 | U49: =IF($H49="ТЕХНИЧЕСКИЕ",$K49,0) -> 0 | V49: =IF($H49="ТЕХНОЛОГИЧЕСКИЕ",$K49,0) -> 0 | W49: =IF($H49="ЛАБОРАТОРНЫЕ",$K49,0) -> 0 | X49: =IF($H49="СЫРЬЕВЫЕ",$K49,0) -> 0 | Y49: =IF($H49="ЛОГИСТИЧЕСКИЕ",$K49,0) -> 0 | Z49: =IF($H49="ОБЩЕЗАВОДСКИЕ",$K49,0) -> 0
B50: =C49 -> 0.45833333 | C50: =B50+1/24 -> 0.5 | F50: фильтр | H50: плановые | I50: 0.36111111 | J50: 0.36805556 | K50: =(J50-I50+(J50<I50))*24*60 -> 10 | L50: смена фильтра с 1.2мм на 0,8мм,мойка фильтра | O50: =IF(H50=$V$5,$F$7,"") | S50: =IF($H50="ПЛАНОВЫЕ",$K50,0) -> 10 | T50: =IF($H50="ПРОИЗВОДСТВЕННЫЕ",$K50,0) -> 0 | U50: =IF($H50="ТЕХНИЧЕСКИЕ",$K50,0) -> 0 | V50: =IF($H50="ТЕХНОЛОГИЧЕСКИЕ",$K50,0) -> 0 | W50: =IF($H50="ЛАБОРАТОРНЫЕ",$K50,0) -> 0 | X50: =IF($H50="СЫРЬЕВЫЕ",$K50,0) -> 0 | Y50: =IF($H50="ЛОГИСТИЧЕСКИЕ",$K50,0) -> 0 | Z50: =IF($H50="ОБЩЕЗАВОДСКИЕ",$K50,0) -> 0
B51: =C50 -> 0.5 | C51: =B51+1/24 -> 0.54166667 | F51: пак | H51: технические | I51: 0.36805556 | J51: 0.38194444 | K51: =(J51-I51+(J51<I51))*24*60 -> 20 | L51: падает бутылка | O51: =IF(H51=$V$5,$F$7,"") -> 0 | S51: =IF($H51="ПЛАНОВЫЕ",$K51,0) -> 0 | T51: =IF($H51="ПРОИЗВОДСТВЕННЫЕ",$K51,0) -> 0 | U51: =IF($H51="ТЕХНИЧЕСКИЕ",$K51,0) -> 20 | V51: =IF($H51="ТЕХНОЛОГИЧЕСКИЕ",$K51,0) -> 0 | W51: =IF($H51="ЛАБОРАТОРНЫЕ",$K51,0) -> 0 | X51: =IF($H51="СЫРЬЕВЫЕ",$K51,0) -> 0 | Y51: =IF($H51="ЛОГИСТИЧЕСКИЕ",$K51,0) -> 0 | Z51: =IF($H51="ОБЩЕЗАВОДСКИЕ",$K51,0) -> 0
B52: =C51 -> 0.54166667 | C52: =B52+1/24 -> 0.58333333 | F52: укупор | H52: технические | I52: 0.38194444 | J52: 0.38888889 | K52: =(J52-I52+(J52<I52))*24*60 -> 10 | L52: настройка укупора | O52: =IF(H52=$V$5,$F$7,"") -> 0 | S52: =IF($H52="ПЛАНОВЫЕ",$K52,0) -> 0 | T52: =IF($H52="ПРОИЗВОДСТВЕННЫЕ",$K52,0) -> 0 | U52: =IF($H52="ТЕХНИЧЕСКИЕ",$K52,0) -> 10 | V52: =IF($H52="ТЕХНОЛОГИЧЕСКИЕ",$K52,0) -> 0 | W52: =IF($H52="ЛАБОРАТОРНЫЕ",$K52,0) -> 0 | X52: =IF($H52="СЫРЬЕВЫЕ",$K52,0) -> 0 | Y52: =IF($H52="ЛОГИСТИЧЕСКИЕ",$K52,0) -> 0 | Z52: =IF($H52="ОБЩЕЗАВОДСКИЕ",$K52,0) -> 0
B53: =C52 -> 0.58333333 | C53: =B53+1/24 -> 0.625 | F53: розлив | H53: технические | I53: 0.38888889 | J53: 0.40972222 | K53: =(J53-I53+(J53<I53))*24*60 -> 30 | L53: разомкнуло звезду. | O53: =IF(H53=$V$5,$F$7,"") -> 0 | S53: =IF($H53="ПЛАНОВЫЕ",$K53,0) -> 0 | T53: =IF($H53="ПРОИЗВОДСТВЕННЫЕ",$K53,0) -> 0 | U53: =IF($H53="ТЕХНИЧЕСКИЕ",$K53,0) -> 30 | V53: =IF($H53="ТЕХНОЛОГИЧЕСКИЕ",$K53,0) -> 0 | W53: =IF($H53="ЛАБОРАТОРНЫЕ",$K53,0) -> 0 | X53: =IF($H53="СЫРЬЕВЫЕ",$K53,0) -> 0 | Y53: =IF($H53="ЛОГИСТИЧЕСКИЕ",$K53,0) -> 0 | Z53: =IF($H53="ОБЩЕЗАВОДСКИЕ",$K53,0) -> 0
B54: =C53 -> 0.625 | C54: =B54+1/24 -> 0.66666667 | K54: =(J54-I54+(J54<I54))*24*60 -> 0 | O54: =IF(H54=$V$5,$F$7,"") | S54: =IF($H54="ПЛАНОВЫЕ",$K54,0) -> 0 | T54: =IF($H54="ПРОИЗВОДСТВЕННЫЕ",$K54,0) -> 0 | U54: =IF($H54="ТЕХНИЧЕСКИЕ",$K54,0) -> 0 | V54: =IF($H54="ТЕХНОЛОГИЧЕСКИЕ",$K54,0) -> 0 | W54: =IF($H54="ЛАБОРАТОРНЫЕ",$K54,0) -> 0 | X54: =IF($H54="СЫРЬЕВЫЕ",$K54,0) -> 0 | Y54: =IF($H54="ЛОГИСТИЧЕСКИЕ",$K54,0) -> 0 | Z54: =IF($H54="ОБЩЕЗАВОДСКИЕ",$K54,0) -> 0
B55: =C54 -> 0.66666667 | C55: =B55+1/24 -> 0.70833333 | K55: =(J55-I55+(J55<I55))*24*60 -> 0 | O55: =IF(H55=$V$5,$F$7,"") | S55: =IF($H55="ПЛАНОВЫЕ",$K55,0) -> 0 | T55: =IF($H55="ПРОИЗВОДСТВЕННЫЕ",$K55,0) -> 0 | U55: =IF($H55="ТЕХНИЧЕСКИЕ",$K55,0) -> 0 | V55: =IF($H55="ТЕХНОЛОГИЧЕСКИЕ",$K55,0) -> 0 | W55: =IF($H55="ЛАБОРАТОРНЫЕ",$K55,0) -> 0 | X55: =IF($H55="СЫРЬЕВЫЕ",$K55,0) -> 0 | Y55: =IF($H55="ЛОГИСТИЧЕСКИЕ",$K55,0) -> 0 | Z55: =IF($H55="ОБЩЕЗАВОДСКИЕ",$K55,0) -> 0
B56: =C55 -> 0.70833333 | C56: =B56+1/24 -> 0.75 | K56: =(J56-I56+(J56<I56))*24*60 -> 0 | O56: =IF(H56=$V$5,$F$7,"") | S56: =IF($H56="ПЛАНОВЫЕ",$K56,0) -> 0 | T56: =IF($H56="ПРОИЗВОДСТВЕННЫЕ",$K56,0) -> 0 | U56: =IF($H56="ТЕХНИЧЕСКИЕ",$K56,0) -> 0 | V56: =IF($H56="ТЕХНОЛОГИЧЕСКИЕ",$K56,0) -> 0 | W56: =IF($H56="ЛАБОРАТОРНЫЕ",$K56,0) -> 0 | X56: =IF($H56="СЫРЬЕВЫЕ",$K56,0) -> 0 | Y56: =IF($H56="ЛОГИСТИЧЕСКИЕ",$K56,0) -> 0 | Z56: =IF($H56="ОБЩЕЗАВОДСКИЕ",$K56,0) -> 0
B57: =C56 -> 0.75 | C57: =B57+1/24 -> 0.79166667 | K57: =(J57-I57+(J57<I57))*24*60 -> 0 | O57: =IF(H57=$V$5,$F$7,"") | S57: =IF($H57="ПЛАНОВЫЕ",$K57,0) -> 0 | T57: =IF($H57="ПРОИЗВОДСТВЕННЫЕ",$K57,0) -> 0 | U57: =IF($H57="ТЕХНИЧЕСКИЕ",$K57,0) -> 0 | V57: =IF($H57="ТЕХНОЛОГИЧЕСКИЕ",$K57,0) -> 0 | W57: =IF($H57="ЛАБОРАТОРНЫЕ",$K57,0) -> 0 | X57: =IF($H57="СЫРЬЕВЫЕ",$K57,0) -> 0 | Y57: =IF($H57="ЛОГИСТИЧЕСКИЕ",$K57,0) -> 0 | Z57: =IF($H57="ОБЩЕЗАВОДСКИЕ",$K57,0) -> 0
B58: =C57 -> 0.79166667 | C58: =B58+1/24 -> 0.83333333 | K58: =(J58-I58+(J58<I58))*24*60 -> 0 | O58: =IF(H58=$V$5,$F$7,"") | S58: =IF($H58="ПЛАНОВЫЕ",$K58,0) -> 0 | T58: =IF($H58="ПРОИЗВОДСТВЕННЫЕ",$K58,0) -> 0 | U58: =IF($H58="ТЕХНИЧЕСКИЕ",$K58,0) -> 0 | V58: =IF($H58="ТЕХНОЛОГИЧЕСКИЕ",$K58,0) -> 0 | W58: =IF($H58="ЛАБОРАТОРНЫЕ",$K58,0) -> 0 | X58: =IF($H58="СЫРЬЕВЫЕ",$K58,0) -> 0 | Y58: =IF($H58="ЛОГИСТИЧЕСКИЕ",$K58,0) -> 0 | Z58: =IF($H58="ОБЩЕЗАВОДСКИЕ",$K58,0) -> 0
A59: =A38 -> 0 | B59: =B23 -> 0 | C59: =B59+1/24 -> 0.041666667 | K59: =(J59-I59+(J59<I59))*24*60 -> 0 | O59: =IF(H59=$V$5,$F$7,"") | S59: =IF($H59="ПЛАНОВЫЕ",$K59,0) -> 0 | T59: =IF($H59="ПРОИЗВОДСТВЕННЫЕ",$K59,0) -> 0 | U59: =IF($H59="ТЕХНИЧЕСКИЕ",$K59,0) -> 0 | V59: =IF($H59="ТЕХНОЛОГИЧЕСКИЕ",$K59,0) -> 0 | W59: =IF($H59="ЛАБОРАТОРНЫЕ",$K59,0) -> 0 | X59: =IF($H59="СЫРЬЕВЫЕ",$K59,0) -> 0 | Y59: =IF($H59="ЛОГИСТИЧЕСКИЕ",$K59,0) -> 0 | Z59: =IF($H59="ОБЩЕЗАВОДСКИЕ",$K59,0) -> 0
B60: =C59 -> 0.041666667 | C60: =B60+1/24 -> 0.083333333 | K60: =(J60-I60+(J60<I60))*24*60 -> 0 | O60: =IF(H60=$V$5,$F$7,"") | S60: =IF($H60="ПЛАНОВЫЕ",$K60,0) -> 0 | T60: =IF($H60="ПРОИЗВОДСТВЕННЫЕ",$K60,0) -> 0 | U60: =IF($H60="ТЕХНИЧЕСКИЕ",$K60,0) -> 0 | V60: =IF($H60="ТЕХНОЛОГИЧЕСКИЕ",$K60,0) -> 0 | W60: =IF($H60="ЛАБОРАТОРНЫЕ",$K60,0) -> 0 | X60: =IF($H60="СЫРЬЕВЫЕ",$K60,0) -> 0 | Y60: =IF($H60="ЛОГИСТИЧЕСКИЕ",$K60,0) -> 0 | Z60: =IF($H60="ОБЩЕЗАВОДСКИЕ",$K60,0) -> 0
B61: =C60 -> 0.083333333 | C61: =B61+1/24 -> 0.125 | K61: =(J61-I61+(J61<I61))*24*60 -> 0 | O61: =IF(H61=$V$5,$F$7,"") | S61: =IF($H61="ПЛАНОВЫЕ",$K61,0) -> 0 | T61: =IF($H61="ПРОИЗВОДСТВЕННЫЕ",$K61,0) -> 0 | U61: =IF($H61="ТЕХНИЧЕСКИЕ",$K61,0) -> 0 | V61: =IF($H61="ТЕХНОЛОГИЧЕСКИЕ",$K61,0) -> 0 | W61: =IF($H61="ЛАБОРАТОРНЫЕ",$K61,0) -> 0 | X61: =IF($H61="СЫРЬЕВЫЕ",$K61,0) -> 0 | Y61: =IF($H61="ЛОГИСТИЧЕСКИЕ",$K61,0) -> 0 | Z61: =IF($H61="ОБЩЕЗАВОДСКИЕ",$K61,0) -> 0
B62: =C61 -> 0.125 | C62: =B62+1/24 -> 0.16666667 | K62: =(J62-I62+(J62<I62))*24*60 -> 0 | O62: =IF(H62=$V$5,$F$7,"") | S62: =IF($H62="ПЛАНОВЫЕ",$K62,0) -> 0 | T62: =IF($H62="ПРОИЗВОДСТВЕННЫЕ",$K62,0) -> 0 | U62: =IF($H62="ТЕХНИЧЕСКИЕ",$K62,0) -> 0 | V62: =IF($H62="ТЕХНОЛОГИЧЕСКИЕ",$K62,0) -> 0 | W62: =IF($H62="ЛАБОРАТОРНЫЕ",$K62,0) -> 0 | X62: =IF($H62="СЫРЬЕВЫЕ",$K62,0) -> 0 | Y62: =IF($H62="ЛОГИСТИЧЕСКИЕ",$K62,0) -> 0 | Z62: =IF($H62="ОБЩЕЗАВОДСКИЕ",$K62,0) -> 0
B63: =C62 -> 0.16666667 | C63: =B63+1/24 -> 0.20833333 | K63: =(J63-I63+(J63<I63))*24*60 -> 0 | O63: =IF(H63=$V$5,$F$7,"") | S63: =IF($H63="ПЛАНОВЫЕ",$K63,0) -> 0 | T63: =IF($H63="ПРОИЗВОДСТВЕННЫЕ",$K63,0) -> 0 | U63: =IF($H63="ТЕХНИЧЕСКИЕ",$K63,0) -> 0 | V63: =IF($H63="ТЕХНОЛОГИЧЕСКИЕ",$K63,0) -> 0 | W63: =IF($H63="ЛАБОРАТОРНЫЕ",$K63,0) -> 0 | X63: =IF($H63="СЫРЬЕВЫЕ",$K63,0) -> 0 | Y63: =IF($H63="ЛОГИСТИЧЕСКИЕ",$K63,0) -> 0 | Z63: =IF($H63="ОБЩЕЗАВОДСКИЕ",$K63,0) -> 0
B64: =C63 -> 0.20833333 | C64: =B64+1/24 -> 0.25 | K64: =(J64-I64+(J64<I64))*24*60 -> 0 | O64: =IF(H64=$V$5,$F$7,"") | S64: =IF($H64="ПЛАНОВЫЕ",$K64,0) -> 0 | T64: =IF($H64="ПРОИЗВОДСТВЕННЫЕ",$K64,0) -> 0 | U64: =IF($H64="ТЕХНИЧЕСКИЕ",$K64,0) -> 0 | V64: =IF($H64="ТЕХНОЛОГИЧЕСКИЕ",$K64,0) -> 0 | W64: =IF($H64="ЛАБОРАТОРНЫЕ",$K64,0) -> 0 | X64: =IF($H64="СЫРЬЕВЫЕ",$K64,0) -> 0 | Y64: =IF($H64="ЛОГИСТИЧЕСКИЕ",$K64,0) -> 0 | Z64: =IF($H64="ОБЩЕЗАВОДСКИЕ",$K64,0) -> 0
B65: =C64 -> 0.25 | C65: =B65+1/24 -> 0.29166667 | K65: =(J65-I65+(J65<I65))*24*60 -> 0 | O65: =IF(H65=$V$5,$F$7,"") | S65: =IF($H65="ПЛАНОВЫЕ",$K65,0) -> 0 | T65: =IF($H65="ПРОИЗВОДСТВЕННЫЕ",$K65,0) -> 0 | U65: =IF($H65="ТЕХНИЧЕСКИЕ",$K65,0) -> 0 | V65: =IF($H65="ТЕХНОЛОГИЧЕСКИЕ",$K65,0) -> 0 | W65: =IF($H65="ЛАБОРАТОРНЫЕ",$K65,0) -> 0 | X65: =IF($H65="СЫРЬЕВЫЕ",$K65,0) -> 0 | Y65: =IF($H65="ЛОГИСТИЧЕСКИЕ",$K65,0) -> 0 | Z65: =IF($H65="ОБЩЕЗАВОДСКИЕ",$K65,0) -> 0
B66: =C65 -> 0.29166667 | C66: =B66+1/24 -> 0.33333333 | K66: =(J66-I66+(J66<I66))*24*60 -> 0 | O66: =IF(H66=$V$5,$F$7,"") | S66: =IF($H66="ПЛАНОВЫЕ",$K66,0) -> 0 | T66: =IF($H66="ПРОИЗВОДСТВЕННЫЕ",$K66,0) -> 0 | U66: =IF($H66="ТЕХНИЧЕСКИЕ",$K66,0) -> 0 | V66: =IF($H66="ТЕХНОЛОГИЧЕСКИЕ",$K66,0) -> 0 | W66: =IF($H66="ЛАБОРАТОРНЫЕ",$K66,0) -> 0 | X66: =IF($H66="СЫРЬЕВЫЕ",$K66,0) -> 0 | Y66: =IF($H66="ЛОГИСТИЧЕСКИЕ",$K66,0) -> 0 | Z66: =IF($H66="ОБЩЕЗАВОДСКИЕ",$K66,0) -> 0
B67: =C66 -> 0.33333333 | C67: =B67+1/24 -> 0.375 | K67: =(J67-I67+(J67<I67))*24*60 -> 0 | O67: =IF(H67=$V$5,$F$7,"") | S67: =IF($H67="ПЛАНОВЫЕ",$K67,0) -> 0 | T67: =IF($H67="ПРОИЗВОДСТВЕННЫЕ",$K67,0) -> 0 | U67: =IF($H67="ТЕХНИЧЕСКИЕ",$K67,0) -> 0 | V67: =IF($H67="ТЕХНОЛОГИЧЕСКИЕ",$K67,0) -> 0 | W67: =IF($H67="ЛАБОРАТОРНЫЕ",$K67,0) -> 0 | X67: =IF($H67="СЫРЬЕВЫЕ",$K67,0) -> 0 | Y67: =IF($H67="ЛОГИСТИЧЕСКИЕ",$K67,0) -> 0 | Z67: =IF($H67="ОБЩЕЗАВОДСКИЕ",$K67,0) -> 0
B68: =C67 -> 0.375 | C68: =B68+1/24 -> 0.41666667 | K68: =(J68-I68+(J68<I68))*24*60 -> 0 | O68: =IF(H68=$V$5,$F$7,"") | S68: =IF($H68="ПЛАНОВЫЕ",$K68,0) -> 0 | T68: =IF($H68="ПРОИЗВОДСТВЕННЫЕ",$K68,0) -> 0 | U68: =IF($H68="ТЕХНИЧЕСКИЕ",$K68,0) -> 0 | V68: =IF($H68="ТЕХНОЛОГИЧЕСКИЕ",$K68,0) -> 0 | W68: =IF($H68="ЛАБОРАТОРНЫЕ",$K68,0) -> 0 | X68: =IF($H68="СЫРЬЕВЫЕ",$K68,0) -> 0 | Y68: =IF($H68="ЛОГИСТИЧЕСКИЕ",$K68,0) -> 0 | Z68: =IF($H68="ОБЩЕЗАВОДСКИЕ",$K68,0) -> 0
B69: =C68 -> 0.41666667 | C69: =B69+1/24 -> 0.45833333 | K69: =(J69-I69+(J69<I69))*24*60 -> 0 | O69: =IF(H69=$V$5,$F$7,"") | S69: =IF($H69="ПЛАНОВЫЕ",$K69,0) -> 0 | T69: =IF($H69="ПРОИЗВОДСТВЕННЫЕ",$K69,0) -> 0 | U69: =IF($H69="ТЕХНИЧЕСКИЕ",$K69,0) -> 0 | V69: =IF($H69="ТЕХНОЛОГИЧЕСКИЕ",$K69,0) -> 0 | W69: =IF($H69="ЛАБОРАТОРНЫЕ",$K69,0) -> 0 | X69: =IF($H69="СЫРЬЕВЫЕ",$K69,0) -> 0 | Y69: =IF($H69="ЛОГИСТИЧЕСКИЕ",$K69,0) -> 0 | Z69: =IF($H69="ОБЩЕЗАВОДСКИЕ",$K69,0) -> 0
A70: =A39 -> 0 | B70: =B25 -> 0 | C70: =B70+1/24 -> 0.041666667 | K70: =(J70-I70+(J70<I70))*24*60 -> 0 | O70: =IF(H70=$V$5,$F$7,"") | S70: =IF($H70="ПЛАНОВЫЕ",$K70,0) -> 0 | T70: =IF($H70="ПРОИЗВОДСТВЕННЫЕ",$K70,0) -> 0 | U70: =IF($H70="ТЕХНИЧЕСКИЕ",$K70,0) -> 0 | V70: =IF($H70="ТЕХНОЛОГИЧЕСКИЕ",$K70,0) -> 0 | W70: =IF($H70="ЛАБОРАТОРНЫЕ",$K70,0) -> 0 | X70: =IF($H70="СЫРЬЕВЫЕ",$K70,0) -> 0 | Y70: =IF($H70="ЛОГИСТИЧЕСКИЕ",$K70,0) -> 0 | Z70: =IF($H70="ОБЩЕЗАВОДСКИЕ",$K70,0) -> 0
B71: =C70 -> 0.041666667 | C71: =B71+1/24 -> 0.083333333 | K71: =(J71-I71+(J71<I71))*24*60 -> 0 | O71: =IF(H71=$V$5,$F$7,"") | S71: =IF($H71="ПЛАНОВЫЕ",$K71,0) -> 0 | T71: =IF($H71="ПРОИЗВОДСТВЕННЫЕ",$K71,0) -> 0 | U71: =IF($H71="ТЕХНИЧЕСКИЕ",$K71,0) -> 0 | V71: =IF($H71="ТЕХНОЛОГИЧЕСКИЕ",$K71,0) -> 0 | W71: =IF($H71="ЛАБОРАТОРНЫЕ",$K71,0) -> 0 | X71: =IF($H71="СЫРЬЕВЫЕ",$K71,0) -> 0 | Y71: =IF($H71="ЛОГИСТИЧЕСКИЕ",$K71,0) -> 0 | Z71: =IF($H71="ОБЩЕЗАВОДСКИЕ",$K71,0) -> 0
B72: =C71 -> 0.083333333 | C72: =B72+1/24 -> 0.125 | K72: =(J72-I72+(J72<I72))*24*60 -> 0 | O72: =IF(H72=$V$5,$F$7,"") | S72: =IF($H72="ПЛАНОВЫЕ",$K72,0) -> 0 | T72: =IF($H72="ПРОИЗВОДСТВЕННЫЕ",$K72,0) -> 0 | U72: =IF($H72="ТЕХНИЧЕСКИЕ",$K72,0) -> 0 | V72: =IF($H72="ТЕХНОЛОГИЧЕСКИЕ",$K72,0) -> 0 | W72: =IF($H72="ЛАБОРАТОРНЫЕ",$K72,0) -> 0 | X72: =IF($H72="СЫРЬЕВЫЕ",$K72,0) -> 0 | Y72: =IF($H72="ЛОГИСТИЧЕСКИЕ",$K72,0) -> 0 | Z72: =IF($H72="ОБЩЕЗАВОДСКИЕ",$K72,0) -> 0
B73: =C72 -> 0.125 | C73: =B73+1/24 -> 0.16666667 | K73: =(J73-I73+(J73<I73))*24*60 -> 0 | O73: =IF(H73=$V$5,$F$7,"") | S73: =IF($H73="ПЛАНОВЫЕ",$K73,0) -> 0 | T73: =IF($H73="ПРОИЗВОДСТВЕННЫЕ",$K73,0) -> 0 | U73: =IF($H73="ТЕХНИЧЕСКИЕ",$K73,0) -> 0 | V73: =IF($H73="ТЕХНОЛОГИЧЕСКИЕ",$K73,0) -> 0 | W73: =IF($H73="ЛАБОРАТОРНЫЕ",$K73,0) -> 0 | X73: =IF($H73="СЫРЬЕВЫЕ",$K73,0) -> 0 | Y73: =IF($H73="ЛОГИСТИЧЕСКИЕ",$K73,0) -> 0 | Z73: =IF($H73="ОБЩЕЗАВОДСКИЕ",$K73,0) -> 0
B74: =C73 -> 0.16666667 | C74: =B74+1/24 -> 0.20833333 | K74: =(J74-I74+(J74<I74))*24*60 -> 0 | O74: =IF(H74=$V$5,$F$7,"") | S74: =IF($H74="ПЛАНОВЫЕ",$K74,0) -> 0 | T74: =IF($H74="ПРОИЗВОДСТВЕННЫЕ",$K74,0) -> 0 | U74: =IF($H74="ТЕХНИЧЕСКИЕ",$K74,0) -> 0 | V74: =IF($H74="ТЕХНОЛОГИЧЕСКИЕ",$K74,0) -> 0 | W74: =IF($H74="ЛАБОРАТОРНЫЕ",$K74,0) -> 0 | X74: =IF($H74="СЫРЬЕВЫЕ",$K74,0) -> 0 | Y74: =IF($H74="ЛОГИСТИЧЕСКИЕ",$K74,0) -> 0 | Z74: =IF($H74="ОБЩЕЗАВОДСКИЕ",$K74,0) -> 0
B75: =C74 -> 0.20833333 | C75: =B75+1/24 -> 0.25 | K75: =(J75-I75+(J75<I75))*24*60 -> 0 | O75: =IF(H75=$V$5,$F$7,"") | S75: =IF($H75="ПЛАНОВЫЕ",$K75,0) -> 0 | T75: =IF($H75="ПРОИЗВОДСТВЕННЫЕ",$K75,0) -> 0 | U75: =IF($H75="ТЕХНИЧЕСКИЕ",$K75,0) -> 0 | V75: =IF($H75="ТЕХНОЛОГИЧЕСКИЕ",$K75,0) -> 0 | W75: =IF($H75="ЛАБОРАТОРНЫЕ",$K75,0) -> 0 | X75: =IF($H75="СЫРЬЕВЫЕ",$K75,0) -> 0 | Y75: =IF($H75="ЛОГИСТИЧЕСКИЕ",$K75,0) -> 0 | Z75: =IF($H75="ОБЩЕЗАВОДСКИЕ",$K75,0) -> 0
B76: =C75 -> 0.25 | C76: =B76+1/24 -> 0.29166667 | K76: =(J76-I76+(J76<I76))*24*60 -> 0 | O76: =IF(H76=$V$5,$F$7,"") | S76: =IF($H76="ПЛАНОВЫЕ",$K76,0) -> 0 | T76: =IF($H76="ПРОИЗВОДСТВЕННЫЕ",$K76,0) -> 0 | U76: =IF($H76="ТЕХНИЧЕСКИЕ",$K76,0) -> 0 | V76: =IF($H76="ТЕХНОЛОГИЧЕСКИЕ",$K76,0) -> 0 | W76: =IF($H76="ЛАБОРАТОРНЫЕ",$K76,0) -> 0 | X76: =IF($H76="СЫРЬЕВЫЕ",$K76,0) -> 0 | Y76: =IF($H76="ЛОГИСТИЧЕСКИЕ",$K76,0) -> 0 | Z76: =IF($H76="ОБЩЕЗАВОДСКИЕ",$K76,0) -> 0
B77: =C76 -> 0.29166667 | C77: =B77+1/24 -> 0.33333333 | K77: =(J77-I77+(J77<I77))*24*60 -> 0 | O77: =IF(H77=$V$5,$F$7,"") | S77: =IF($H77="ПЛАНОВЫЕ",$K77,0) -> 0 | T77: =IF($H77="ПРОИЗВОДСТВЕННЫЕ",$K77,0) -> 0 | U77: =IF($H77="ТЕХНИЧЕСКИЕ",$K77,0) -> 0 | V77: =IF($H77="ТЕХНОЛОГИЧЕСКИЕ",$K77,0) -> 0 | W77: =IF($H77="ЛАБОРАТОРНЫЕ",$K77,0) -> 0 | X77: =IF($H77="СЫРЬЕВЫЕ",$K77,0) -> 0 | Y77: =IF($H77="ЛОГИСТИЧЕСКИЕ",$K77,0) -> 0 | Z77: =IF($H77="ОБЩЕЗАВОДСКИЕ",$K77,0) -> 0
B78: =C77 -> 0.33333333 | C78: =B78+1/24 -> 0.375 | K78: =(J78-I78+(J78<I78))*24*60 -> 0 | O78: =IF(H78=$V$5,$F$7,"") | S78: =IF($H78="ПЛАНОВЫЕ",$K78,0) -> 0 | T78: =IF($H78="ПРОИЗВОДСТВЕННЫЕ",$K78,0) -> 0 | U78: =IF($H78="ТЕХНИЧЕСКИЕ",$K78,0) -> 0 | V78: =IF($H78="ТЕХНОЛОГИЧЕСКИЕ",$K78,0) -> 0 | W78: =IF($H78="ЛАБОРАТОРНЫЕ",$K78,0) -> 0 | X78: =IF($H78="СЫРЬЕВЫЕ",$K78,0) -> 0 | Y78: =IF($H78="ЛОГИСТИЧЕСКИЕ",$K78,0) -> 0 | Z78: =IF($H78="ОБЩЕЗАВОДСКИЕ",$K78,0) -> 0
B79: =C78 -> 0.375 | C79: =B79+1/24 -> 0.41666667 | K79: =(J79-I79+(J79<I79))*24*60 -> 0 | O79: =IF(H79=$V$5,$F$7,"") | S79: =IF($H79="ПЛАНОВЫЕ",$K79,0) -> 0 | T79: =IF($H79="ПРОИЗВОДСТВЕННЫЕ",$K79,0) -> 0 | U79: =IF($H79="ТЕХНИЧЕСКИЕ",$K79,0) -> 0 | V79: =IF($H79="ТЕХНОЛОГИЧЕСКИЕ",$K79,0) -> 0 | W79: =IF($H79="ЛАБОРАТОРНЫЕ",$K79,0) -> 0 | X79: =IF($H79="СЫРЬЕВЫЕ",$K79,0) -> 0 | Y79: =IF($H79="ЛОГИСТИЧЕСКИЕ",$K79,0) -> 0 | Z79: =IF($H79="ОБЩЕЗАВОДСКИЕ",$K79,0) -> 0
B80: =C79 -> 0.41666667 | C80: =B80+1/24 -> 0.45833333 | K80: =(J80-I80+(J80<I80))*24*60 -> 0 | O80: =IF(H80=$V$5,$F$7,"") | S80: =IF($H80="ПЛАНОВЫЕ",$K80,0) -> 0 | T80: =IF($H80="ПРОИЗВОДСТВЕННЫЕ",$K80,0) -> 0 | U80: =IF($H80="ТЕХНИЧЕСКИЕ",$K80,0) -> 0 | V80: =IF($H80="ТЕХНОЛОГИЧЕСКИЕ",$K80,0) -> 0 | W80: =IF($H80="ЛАБОРАТОРНЫЕ",$K80,0) -> 0 | X80: =IF($H80="СЫРЬЕВЫЕ",$K80,0) -> 0 | Y80: =IF($H80="ЛОГИСТИЧЕСКИЕ",$K80,0) -> 0 | Z80: =IF($H80="ОБЩЕЗАВОДСКИЕ",$K80,0) -> 0
A81: =A40 -> 0 | B81: =B27 -> 0 | C81: =B81+1/24 -> 0.041666667 | K81: =(J81-I81+(J81<I81))*24*60 -> 0 | O81: =IF(H81=$V$5,$F$7,"") | S81: =IF($H81="ПЛАНОВЫЕ",$K81,0) -> 0 | T81: =IF($H81="ПРОИЗВОДСТВЕННЫЕ",$K81,0) -> 0 | U81: =IF($H81="ТЕХНИЧЕСКИЕ",$K81,0) -> 0 | V81: =IF($H81="ТЕХНОЛОГИЧЕСКИЕ",$K81,0) -> 0 | W81: =IF($H81="ЛАБОРАТОРНЫЕ",$K81,0) -> 0 | X81: =IF($H81="СЫРЬЕВЫЕ",$K81,0) -> 0 | Y81: =IF($H81="ЛОГИСТИЧЕСКИЕ",$K81,0) -> 0 | Z81: =IF($H81="ОБЩЕЗАВОДСКИЕ",$K81,0) -> 0
B82: =C81 -> 0.041666667 | C82: =B82+1/24 -> 0.083333333 | K82: =(J82-I82+(J82<I82))*24*60 -> 0 | O82: =IF(H82=$V$5,$F$7,"") | S82: =IF($H82="ПЛАНОВЫЕ",$K82,0) -> 0 | T82: =IF($H82="ПРОИЗВОДСТВЕННЫЕ",$K82,0) -> 0 | U82: =IF($H82="ТЕХНИЧЕСКИЕ",$K82,0) -> 0 | V82: =IF($H82="ТЕХНОЛОГИЧЕСКИЕ",$K82,0) -> 0 | W82: =IF($H82="ЛАБОРАТОРНЫЕ",$K82,0) -> 0 | X82: =IF($H82="СЫРЬЕВЫЕ",$K82,0) -> 0 | Y82: =IF($H82="ЛОГИСТИЧЕСКИЕ",$K82,0) -> 0 | Z82: =IF($H82="ОБЩЕЗАВОДСКИЕ",$K82,0) -> 0
B83: =C82 -> 0.083333333 | C83: =B83+1/24 -> 0.125 | K83: =(J83-I83+(J83<I83))*24*60 -> 0 | O83: =IF(H83=$V$5,$F$7,"") | S83: =IF($H83="ПЛАНОВЫЕ",$K83,0) -> 0 | T83: =IF($H83="ПРОИЗВОДСТВЕННЫЕ",$K83,0) -> 0 | U83: =IF($H83="ТЕХНИЧЕСКИЕ",$K83,0) -> 0 | V83: =IF($H83="ТЕХНОЛОГИЧЕСКИЕ",$K83,0) -> 0 | W83: =IF($H83="ЛАБОРАТОРНЫЕ",$K83,0) -> 0 | X83: =IF($H83="СЫРЬЕВЫЕ",$K83,0) -> 0 | Y83: =IF($H83="ЛОГИСТИЧЕСКИЕ",$K83,0) -> 0 | Z83: =IF($H83="ОБЩЕЗАВОДСКИЕ",$K83,0) -> 0
B84: =C83 -> 0.125 | C84: =B84+1/24 -> 0.16666667 | K84: =(J84-I84+(J84<I84))*24*60 -> 0 | O84: =IF(H84=$V$5,$F$7,"") | S84: =IF($H84="ПЛАНОВЫЕ",$K84,0) -> 0 | T84: =IF($H84="ПРОИЗВОДСТВЕННЫЕ",$K84,0) -> 0 | U84: =IF($H84="ТЕХНИЧЕСКИЕ",$K84,0) -> 0 | V84: =IF($H84="ТЕХНОЛОГИЧЕСКИЕ",$K84,0) -> 0 | W84: =IF($H84="ЛАБОРАТОРНЫЕ",$K84,0) -> 0 | X84: =IF($H84="СЫРЬЕВЫЕ",$K84,0) -> 0 | Y84: =IF($H84="ЛОГИСТИЧЕСКИЕ",$K84,0) -> 0 | Z84: =IF($H84="ОБЩЕЗАВОДСКИЕ",$K84,0) -> 0
B85: =C84 -> 0.16666667 | C85: =B85+1/24 -> 0.20833333 | K85: =(J85-I85+(J85<I85))*24*60 -> 0 | O85: =IF(H85=$V$5,$F$7,"") | S85: =IF($H85="ПЛАНОВЫЕ",$K85,0) -> 0 | T85: =IF($H85="ПРОИЗВОДСТВЕННЫЕ",$K85,0) -> 0 | U85: =IF($H85="ТЕХНИЧЕСКИЕ",$K85,0) -> 0 | V85: =IF($H85="ТЕХНОЛОГИЧЕСКИЕ",$K85,0) -> 0 | W85: =IF($H85="ЛАБОРАТОРНЫЕ",$K85,0) -> 0 | X85: =IF($H85="СЫРЬЕВЫЕ",$K85,0) -> 0 | Y85: =IF($H85="ЛОГИСТИЧЕСКИЕ",$K85,0) -> 0 | Z85: =IF($H85="ОБЩЕЗАВОДСКИЕ",$K85,0) -> 0
B86: =C85 -> 0.20833333 | C86: =B86+1/24 -> 0.25 | K86: =(J86-I86+(J86<I86))*24*60 -> 0 | O86: =IF(H86=$V$5,$F$7,"") | S86: =IF($H86="ПЛАНОВЫЕ",$K86,0) -> 0 | T86: =IF($H86="ПРОИЗВОДСТВЕННЫЕ",$K86,0) -> 0 | U86: =IF($H86="ТЕХНИЧЕСКИЕ",$K86,0) -> 0 | V86: =IF($H86="ТЕХНОЛОГИЧЕСКИЕ",$K86,0) -> 0 | W86: =IF($H86="ЛАБОРАТОРНЫЕ",$K86,0) -> 0 | X86: =IF($H86="СЫРЬЕВЫЕ",$K86,0) -> 0 | Y86: =IF($H86="ЛОГИСТИЧЕСКИЕ",$K86,0) -> 0 | Z86: =IF($H86="ОБЩЕЗАВОДСКИЕ",$K86,0) -> 0
B87: =C86 -> 0.25 | C87: =B87+1/24 -> 0.29166667 | K87: =(J87-I87+(J87<I87))*24*60 -> 0 | O87: =IF(H87=$V$5,$F$7,"") | S87: =IF($H87="ПЛАНОВЫЕ",$K87,0) -> 0 | T87: =IF($H87="ПРОИЗВОДСТВЕННЫЕ",$K87,0) -> 0 | U87: =IF($H87="ТЕХНИЧЕСКИЕ",$K87,0) -> 0 | V87: =IF($H87="ТЕХНОЛОГИЧЕСКИЕ",$K87,0) -> 0 | W87: =IF($H87="ЛАБОРАТОРНЫЕ",$K87,0) -> 0 | X87: =IF($H87="СЫРЬЕВЫЕ",$K87,0) -> 0 | Y87: =IF($H87="ЛОГИСТИЧЕСКИЕ",$K87,0) -> 0 | Z87: =IF($H87="ОБЩЕЗАВОДСКИЕ",$K87,0) -> 0
B88: =C87 -> 0.29166667 | C88: =B88+1/24 -> 0.33333333 | K88: =(J88-I88+(J88<I88))*24*60 -> 0 | O88: =IF(H88=$V$5,$F$7,"") | S88: =IF($H88="ПЛАНОВЫЕ",$K88,0) -> 0 | T88: =IF($H88="ПРОИЗВОДСТВЕННЫЕ",$K88,0) -> 0 | U88: =IF($H88="ТЕХНИЧЕСКИЕ",$K88,0) -> 0 | V88: =IF($H88="ТЕХНОЛОГИЧЕСКИЕ",$K88,0) -> 0 | W88: =IF($H88="ЛАБОРАТОРНЫЕ",$K88,0) -> 0 | X88: =IF($H88="СЫРЬЕВЫЕ",$K88,0) -> 0 | Y88: =IF($H88="ЛОГИСТИЧЕСКИЕ",$K88,0) -> 0 | Z88: =IF($H88="ОБЩЕЗАВОДСКИЕ",$K88,0) -> 0
B89: =C88 -> 0.33333333 | C89: =B89+1/24 -> 0.375 | K89: =(J89-I89+(J89<I89))*24*60 -> 0 | O89: =IF(H89=$V$5,$F$7,"") | S89: =IF($H89="ПЛАНОВЫЕ",$K89,0) -> 0 | T89: =IF($H89="ПРОИЗВОДСТВЕННЫЕ",$K89,0) -> 0 | U89: =IF($H89="ТЕХНИЧЕСКИЕ",$K89,0) -> 0 | V89: =IF($H89="ТЕХНОЛОГИЧЕСКИЕ",$K89,0) -> 0 | W89: =IF($H89="ЛАБОРАТОРНЫЕ",$K89,0) -> 0 | X89: =IF($H89="СЫРЬЕВЫЕ",$K89,0) -> 0 | Y89: =IF($H89="ЛОГИСТИЧЕСКИЕ",$K89,0) -> 0 | Z89: =IF($H89="ОБЩЕЗАВОДСКИЕ",$K89,0) -> 0
B90: =C89 -> 0.375 | C90: =B90+1/24 -> 0.41666667 | K90: =(J90-I90+(J90<I90))*24*60 -> 0 | O90: =IF(H90=$V$5,$F$7,"") | S90: =IF($H90="ПЛАНОВЫЕ",$K90,0) -> 0 | T90: =IF($H90="ПРОИЗВОДСТВЕННЫЕ",$K90,0) -> 0 | U90: =IF($H90="ТЕХНИЧЕСКИЕ",$K90,0) -> 0 | V90: =IF($H90="ТЕХНОЛОГИЧЕСКИЕ",$K90,0) -> 0 | W90: =IF($H90="ЛАБОРАТОРНЫЕ",$K90,0) -> 0 | X90: =IF($H90="СЫРЬЕВЫЕ",$K90,0) -> 0 | Y90: =IF($H90="ЛОГИСТИЧЕСКИЕ",$K90,0) -> 0 | Z90: =IF($H90="ОБЩЕЗАВОДСКИЕ",$K90,0) -> 0
B91: =C90 -> 0.41666667 | C91: =B91+1/24 -> 0.45833333 | K91: =(J91-I91+(J91<I91))*24*60 -> 0 | O91: =IF(H91=$V$5,$F$7,"") | S91: =IF($H91="ПЛАНОВЫЕ",$K91,0) -> 0 | T91: =IF($H91="ПРОИЗВОДСТВЕННЫЕ",$K91,0) -> 0 | U91: =IF($H91="ТЕХНИЧЕСКИЕ",$K91,0) -> 0 | V91: =IF($H91="ТЕХНОЛОГИЧЕСКИЕ",$K91,0) -> 0 | W91: =IF($H91="ЛАБОРАТОРНЫЕ",$K91,0) -> 0 | X91: =IF($H91="СЫРЬЕВЫЕ",$K91,0) -> 0 | Y91: =IF($H91="ЛОГИСТИЧЕСКИЕ",$K91,0) -> 0 | Z91: =IF($H91="ОБЩЕЗАВОДСКИЕ",$K91,0) -> 0
A92: =A41 -> 0 | K92: =(J92-I92+(J92<I92))*24*60 -> 0 | O92: =IF(H92=$V$5,$F$7,"") | S92: =IF($H92="ПЛАНОВЫЕ",$K92,0) -> 0 | T92: =IF($H92="ПРОИЗВОДСТВЕННЫЕ",$K92,0) -> 0 | U92: =IF($H92="ТЕХНИЧЕСКИЕ",$K92,0) -> 0 | V92: =IF($H92="ТЕХНОЛОГИЧЕСКИЕ",$K92,0) -> 0 | W92: =IF($H92="ЛАБОРАТОРНЫЕ",$K92,0) -> 0 | X92: =IF($H92="СЫРЬЕВЫЕ",$K92,0) -> 0 | Y92: =IF($H92="ЛОГИСТИЧЕСКИЕ",$K92,0) -> 0 | Z92: =IF($H92="ОБЩЕЗАВОДСКИЕ",$K92,0) -> 0
K93: =(J93-I93+(J93<I93))*24*60 -> 0 | O93: =IF(H93=$V$5,$F$7,"") | S93: =IF($H93="ПЛАНОВЫЕ",$K93,0) -> 0 | T93: =IF($H93="ПРОИЗВОДСТВЕННЫЕ",$K93,0) -> 0 | U93: =IF($H93="ТЕХНИЧЕСКИЕ",$K93,0) -> 0 | V93: =IF($H93="ТЕХНОЛОГИЧЕСКИЕ",$K93,0) -> 0 | W93: =IF($H93="ЛАБОРАТОРНЫЕ",$K93,0) -> 0 | X93: =IF($H93="СЫРЬЕВЫЕ",$K93,0) -> 0 | Y93: =IF($H93="ЛОГИСТИЧЕСКИЕ",$K93,0) -> 0 | Z93: =IF($H93="ОБЩЕЗАВОДСКИЕ",$K93,0) -> 0
K94: =(J94-I94+(J94<I94))*24*60 -> 0 | O94: =IF(H94=$V$5,$F$7,"") | S94: =IF($H94="ПЛАНОВЫЕ",$K94,0) -> 0 | T94: =IF($H94="ПРОИЗВОДСТВЕННЫЕ",$K94,0) -> 0 | U94: =IF($H94="ТЕХНИЧЕСКИЕ",$K94,0) -> 0 | V94: =IF($H94="ТЕХНОЛОГИЧЕСКИЕ",$K94,0) -> 0 | W94: =IF($H94="ЛАБОРАТОРНЫЕ",$K94,0) -> 0 | X94: =IF($H94="СЫРЬЕВЫЕ",$K94,0) -> 0 | Y94: =IF($H94="ЛОГИСТИЧЕСКИЕ",$K94,0) -> 0 | Z94: =IF($H94="ОБЩЕЗАВОДСКИЕ",$K94,0) -> 0
K95: =(J95-I95+(J95<I95))*24*60 -> 0 | O95: =IF(H95=$V$5,$F$7,"") | S95: =IF($H95="ПЛАНОВЫЕ",$K95,0) -> 0 | T95: =IF($H95="ПРОИЗВОДСТВЕННЫЕ",$K95,0) -> 0 | U95: =IF($H95="ТЕХНИЧЕСКИЕ",$K95,0) -> 0 | V95: =IF($H95="ТЕХНОЛОГИЧЕСКИЕ",$K95,0) -> 0 | W95: =IF($H95="ЛАБОРАТОРНЫЕ",$K95,0) -> 0 | X95: =IF($H95="СЫРЬЕВЫЕ",$K95,0) -> 0 | Y95: =IF($H95="ЛОГИСТИЧЕСКИЕ",$K95,0) -> 0 | Z95: =IF($H95="ОБЩЕЗАВОДСКИЕ",$K95,0) -> 0
K96: =(J96-I96+(J96<I96))*24*60 -> 0 | O96: =IF(H96=$V$5,$F$7,"") | S96: =IF($H96="ПЛАНОВЫЕ",$K96,0) -> 0 | T96: =IF($H96="ПРОИЗВОДСТВЕННЫЕ",$K96,0) -> 0 | U96: =IF($H96="ТЕХНИЧЕСКИЕ",$K96,0) -> 0 | V96: =IF($H96="ТЕХНОЛОГИЧЕСКИЕ",$K96,0) -> 0 | W96: =IF($H96="ЛАБОРАТОРНЫЕ",$K96,0) -> 0 | X96: =IF($H96="СЫРЬЕВЫЕ",$K96,0) -> 0 | Y96: =IF($H96="ЛОГИСТИЧЕСКИЕ",$K96,0) -> 0 | Z96: =IF($H96="ОБЩЕЗАВОДСКИЕ",$K96,0) -> 0
K97: =(J97-I97+(J97<I97))*24*60 -> 0 | O97: =IF(H97=$V$5,$F$7,"") | S97: =IF($H97="ПЛАНОВЫЕ",$K97,0) -> 0 | T97: =IF($H97="ПРОИЗВОДСТВЕННЫЕ",$K97,0) -> 0 | U97: =IF($H97="ТЕХНИЧЕСКИЕ",$K97,0) -> 0 | V97: =IF($H97="ТЕХНОЛОГИЧЕСКИЕ",$K97,0) -> 0 | W97: =IF($H97="ЛАБОРАТОРНЫЕ",$K97,0) -> 0 | X97: =IF($H97="СЫРЬЕВЫЕ",$K97,0) -> 0 | Y97: =IF($H97="ЛОГИСТИЧЕСКИЕ",$K97,0) -> 0 | Z97: =IF($H97="ОБЩЕЗАВОДСКИЕ",$K97,0) -> 0
K98: =(J98-I98+(J98<I98))*24*60 -> 0 | O98: =IF(H98=$V$5,$F$7,"") | S98: =IF($H98="ПЛАНОВЫЕ",$K98,0) -> 0 | T98: =IF($H98="ПРОИЗВОДСТВЕННЫЕ",$K98,0) -> 0 | U98: =IF($H98="ТЕХНИЧЕСКИЕ",$K98,0) -> 0 | V98: =IF($H98="ТЕХНОЛОГИЧЕСКИЕ",$K98,0) -> 0 | W98: =IF($H98="ЛАБОРАТОРНЫЕ",$K98,0) -> 0 | X98: =IF($H98="СЫРЬЕВЫЕ",$K98,0) -> 0 | Y98: =IF($H98="ЛОГИСТИЧЕСКИЕ",$K98,0) -> 0 | Z98: =IF($H98="ОБЩЕЗАВОДСКИЕ",$K98,0) -> 0
K99: =(J99-I99+(J99<I99))*24*60 -> 0 | O99: =IF(H99=$V$5,$F$7,"") | S99: =IF($H99="ПЛАНОВЫЕ",$K99,0) -> 0 | T99: =IF($H99="ПРОИЗВОДСТВЕННЫЕ",$K99,0) -> 0 | U99: =IF($H99="ТЕХНИЧЕСКИЕ",$K99,0) -> 0 | V99: =IF($H99="ТЕХНОЛОГИЧЕСКИЕ",$K99,0) -> 0 | W99: =IF($H99="ЛАБОРАТОРНЫЕ",$K99,0) -> 0 | X99: =IF($H99="СЫРЬЕВЫЕ",$K99,0) -> 0 | Y99: =IF($H99="ЛОГИСТИЧЕСКИЕ",$K99,0) -> 0 | Z99: =IF($H99="ОБЩЕЗАВОДСКИЕ",$K99,0) -> 0
K100: =(J100-I100+(J100<I100))*24*60 -> 0 | O100: =IF(H100=$V$5,$F$7,"") | S100: =IF($H100="ПЛАНОВЫЕ",$K100,0) -> 0 | T100: =IF($H100="ПРОИЗВОДСТВЕННЫЕ",$K100,0) -> 0 | U100: =IF($H100="ТЕХНИЧЕСКИЕ",$K100,0) -> 0 | V100: =IF($H100="ТЕХНОЛОГИЧЕСКИЕ",$K100,0) -> 0 | W100: =IF($H100="ЛАБОРАТОРНЫЕ",$K100,0) -> 0 | X100: =IF($H100="СЫРЬЕВЫЕ",$K100,0) -> 0 | Y100: =IF($H100="ЛОГИСТИЧЕСКИЕ",$K100,0) -> 0 | Z100: =IF($H100="ОБЩЕЗАВОДСКИЕ",$K100,0) -> 0
K101: =(J101-I101+(J101<I101))*24*60 -> 0 | O101: =IF(H101=$V$5,$F$7,"") | S101: =IF($H101="ПЛАНОВЫЕ",$K101,0) -> 0 | T101: =IF($H101="ПРОИЗВОДСТВЕННЫЕ",$K101,0) -> 0 | U101: =IF($H101="ТЕХНИЧЕСКИЕ",$K101,0) -> 0 | V101: =IF($H101="ТЕХНОЛОГИЧЕСКИЕ",$K101,0) -> 0 | W101: =IF($H101="ЛАБОРАТОРНЫЕ",$K101,0) -> 0 | X101: =IF($H101="СЫРЬЕВЫЕ",$K101,0) -> 0 | Y101: =IF($H101="ЛОГИСТИЧЕСКИЕ",$K101,0) -> 0 | Z101: =IF($H101="ОБЩЕЗАВОДСКИЕ",$K101,0) -> 0
K102: =(J102-I102+(J102<I102))*24*60 -> 0 | O102: =IF(H102=$V$5,$F$7,"") | S102: =IF($H102="ПЛАНОВЫЕ",$K102,0) -> 0 | T102: =IF($H102="ПРОИЗВОДСТВЕННЫЕ",$K102,0) -> 0 | U102: =IF($H102="ТЕХНИЧЕСКИЕ",$K102,0) -> 0 | V102: =IF($H102="ТЕХНОЛОГИЧЕСКИЕ",$K102,0) -> 0 | W102: =IF($H102="ЛАБОРАТОРНЫЕ",$K102,0) -> 0 | X102: =IF($H102="СЫРЬЕВЫЕ",$K102,0) -> 0 | Y102: =IF($H102="ЛОГИСТИЧЕСКИЕ",$K102,0) -> 0 | Z102: =IF($H102="ОБЩЕЗАВОДСКИЕ",$K102,0) -> 0
A103: =A42 -> 0 | K103: =(J103-I103+(J103<I103))*24*60 -> 0 | O103: =IF(H103=$V$5,$F$7,"") | S103: =IF($H103="ПЛАНОВЫЕ",$K103,0) -> 0 | T103: =IF($H103="ПРОИЗВОДСТВЕННЫЕ",$K103,0) -> 0 | U103: =IF($H103="ТЕХНИЧЕСКИЕ",$K103,0) -> 0 | V103: =IF($H103="ТЕХНОЛОГИЧЕСКИЕ",$K103,0) -> 0 | W103: =IF($H103="ЛАБОРАТОРНЫЕ",$K103,0) -> 0 | X103: =IF($H103="СЫРЬЕВЫЕ",$K103,0) -> 0 | Y103: =IF($H103="ЛОГИСТИЧЕСКИЕ",$K103,0) -> 0 | Z103: =IF($H103="ОБЩЕЗАВОДСКИЕ",$K103,0) -> 0
K104: =(J104-I104+(J104<I104))*24*60 -> 0 | O104: =IF(H104=$V$5,$F$7,"") | S104: =IF($H104="ПЛАНОВЫЕ",$K104,0) -> 0 | T104: =IF($H104="ПРОИЗВОДСТВЕННЫЕ",$K104,0) -> 0 | U104: =IF($H104="ТЕХНИЧЕСКИЕ",$K104,0) -> 0 | V104: =IF($H104="ТЕХНОЛОГИЧЕСКИЕ",$K104,0) -> 0 | W104: =IF($H104="ЛАБОРАТОРНЫЕ",$K104,0) -> 0 | X104: =IF($H104="СЫРЬЕВЫЕ",$K104,0) -> 0 | Y104: =IF($H104="ЛОГИСТИЧЕСКИЕ",$K104,0) -> 0 | Z104: =IF($H104="ОБЩЕЗАВОДСКИЕ",$K104,0) -> 0
K105: =(J105-I105+(J105<I105))*24*60 -> 0 | O105: =IF(H105=$V$5,$F$7,"") | S105: =IF($H105="ПЛАНОВЫЕ",$K105,0) -> 0 | T105: =IF($H105="ПРОИЗВОДСТВЕННЫЕ",$K105,0) -> 0 | U105: =IF($H105="ТЕХНИЧЕСКИЕ",$K105,0) -> 0 | V105: =IF($H105="ТЕХНОЛОГИЧЕСКИЕ",$K105,0) -> 0 | W105: =IF($H105="ЛАБОРАТОРНЫЕ",$K105,0) -> 0 | X105: =IF($H105="СЫРЬЕВЫЕ",$K105,0) -> 0 | Y105: =IF($H105="ЛОГИСТИЧЕСКИЕ",$K105,0) -> 0 | Z105: =IF($H105="ОБЩЕЗАВОДСКИЕ",$K105,0) -> 0
K106: =(J106-I106+(J106<I106))*24*60 -> 0 | O106: =IF(H106=$V$5,$F$7,"") | S106: =IF($H106="ПЛАНОВЫЕ",$K106,0) -> 0 | T106: =IF($H106="ПРОИЗВОДСТВЕННЫЕ",$K106,0) -> 0 | U106: =IF($H106="ТЕХНИЧЕСКИЕ",$K106,0) -> 0 | V106: =IF($H106="ТЕХНОЛОГИЧЕСКИЕ",$K106,0) -> 0 | W106: =IF($H106="ЛАБОРАТОРНЫЕ",$K106,0) -> 0 | X106: =IF($H106="СЫРЬЕВЫЕ",$K106,0) -> 0 | Y106: =IF($H106="ЛОГИСТИЧЕСКИЕ",$K106,0) -> 0 | Z106: =IF($H106="ОБЩЕЗАВОДСКИЕ",$K106,0) -> 0
K107: =(J107-I107+(J107<I107))*24*60 -> 0 | O107: =IF(H107=$V$5,$F$7,"") | S107: =IF($H107="ПЛАНОВЫЕ",$K107,0) -> 0 | T107: =IF($H107="ПРОИЗВОДСТВЕННЫЕ",$K107,0) -> 0 | U107: =IF($H107="ТЕХНИЧЕСКИЕ",$K107,0) -> 0 | V107: =IF($H107="ТЕХНОЛОГИЧЕСКИЕ",$K107,0) -> 0 | W107: =IF($H107="ЛАБОРАТОРНЫЕ",$K107,0) -> 0 | X107: =IF($H107="СЫРЬЕВЫЕ",$K107,0) -> 0 | Y107: =IF($H107="ЛОГИСТИЧЕСКИЕ",$K107,0) -> 0 | Z107: =IF($H107="ОБЩЕЗАВОДСКИЕ",$K107,0) -> 0
K108: =(J108-I108+(J108<I108))*24*60 -> 0 | O108: =IF(H108=$V$5,$F$7,"") | S108: =IF($H108="ПЛАНОВЫЕ",$K108,0) -> 0 | T108: =IF($H108="ПРОИЗВОДСТВЕННЫЕ",$K108,0) -> 0 | U108: =IF($H108="ТЕХНИЧЕСКИЕ",$K108,0) -> 0 | V108: =IF($H108="ТЕХНОЛОГИЧЕСКИЕ",$K108,0) -> 0 | W108: =IF($H108="ЛАБОРАТОРНЫЕ",$K108,0) -> 0 | X108: =IF($H108="СЫРЬЕВЫЕ",$K108,0) -> 0 | Y108: =IF($H108="ЛОГИСТИЧЕСКИЕ",$K108,0) -> 0 | Z108: =IF($H108="ОБЩЕЗАВОДСКИЕ",$K108,0) -> 0
K109: =(J109-I109+(J109<I109))*24*60 -> 0 | O109: =IF(H109=$V$5,$F$7,"") | S109: =IF($H109="ПЛАНОВЫЕ",$K109,0) -> 0 | T109: =IF($H109="ПРОИЗВОДСТВЕННЫЕ",$K109,0) -> 0 | U109: =IF($H109="ТЕХНИЧЕСКИЕ",$K109,0) -> 0 | V109: =IF($H109="ТЕХНОЛОГИЧЕСКИЕ",$K109,0) -> 0 | W109: =IF($H109="ЛАБОРАТОРНЫЕ",$K109,0) -> 0 | X109: =IF($H109="СЫРЬЕВЫЕ",$K109,0) -> 0 | Y109: =IF($H109="ЛОГИСТИЧЕСКИЕ",$K109,0) -> 0 | Z109: =IF($H109="ОБЩЕЗАВОДСКИЕ",$K109,0) -> 0
...

Sheet 3
A1: Сменный отчет выпуска продукции
A2: Линия розлива № 3 - 0,75 л. - 1,0 л.
A3: Смена "Д" день с 08:00 по 20:00 | F3: Сутки план/факт | G3: =SUM(J21:J32)+SUM(J136:J147) -> 59313.333 | H3: =SUM(K21:K32)+SUM(K136:K147) -> 39967 | I3: паспортная скорость | J3: 3700 | K3: Время смены | L3: 720 | V3: плановые
A4: Должность | F4: ФИО ответственного | I4: Рабочее место оператора | K4: ФИО оператора | N4: Поля для заполнения | V4: производственные
A5: Начальник смены | F5: Ахмедов | I5: Депаллетайзер | K5: Петелинаа | O5: ФИКСИРОВАННЫЕ ПОЛЯ, НЕ ЗАПОЛНЯТЬ | V5: технические
A6: Мастер | F6: Игнатова | I6: Розлив, укупор | K6: Чекулаев | V6: технологические
A7: Контролер | F7: Никишова | I7: Этикетировочный автомат | K7: Селуянова | O7: ПОЛЯ ДЛЯ ЗАПОЛНЕНИЯ МАСТЕРОМ | V7: лабораторные
A8: Наладчик оборудования | F8: Чекулаев | I8: Термоупаковщик | K8: Костиков | V8: сырьевые
A9: Наладчик оборудования | F9: Лугов | V9: логистические
A14: ИТОГОВЫЙ РЕЗУЛЬТАТ РАБОТЫ СМЕНЫ (ВЫЧИСЛЯЕТСЯ АВТОМАТИЧЕСКИ) | N14: ПРОСТОИ (ВЫЧИСЛЯЕТСЯ АВТОМАТИЧЕСКИ) | V14: общезаводские
A15: НАИМЕНОВАНИЕ НАПИТКА | B15: Время начала производства | C15: Время окончания производства | D15: Время работы смены | E15: Плановая производительность | F15: Приведенное продуктивное время | G15: Эффективность от паспортной скорости % | H15: Вычитаемые простои (плановые, общезаводские) | I15: Условные простои (Необоснованные потери), мин | J15: Расчетная плановая производительность с учетом вычитаемых простоев | K15: Фактическая производительность за смену | L15: Выполнение сменного задания %, невыполнение -, перевыполнение + | N15: Вид Простоя | P15: Длительность, час | V15: Итого
N19: ПЛАНОВЫЕ | P19: =SUM(S47:S58) -> 281 | Q19: =SUM(S59:S69) -> 70 | R19: =SUM(S70:S80) -> 15 | S19: =SUM(S81:S91) -> 0 | T19: =SUM(S92:S102) -> 0 | U19: =SUM(S103:S113) -> 0 | V19: =P19+Q19+R19+S19+T19+U19 -> 366
D20: [мин] | E20: [шт./час] | F20: [мин] | H20: [мин] | J20: [шт./смену] | K20: [шт./смену] | L20: % | N20: ПРОИЗВОДСТВЕННЫЕ | P20: =SUM(T46:T57) -> 0 | Q20: =SUM(T58:T68) -> 0 | R20: =SUM(T69:T79) -> 0 | S20: =SUM(T80:T90) -> 0 | T20: =SUM(T91:T101) -> 0 | U20: =SUM(T102:T112) -> 0 | V20: =P20+Q20+R20+S20+T20+U20 -> 0
A21: =A37 -> Тыква Баринофф 1,0 | B21: 0.33333333 | C21: 0.60069444 | D21: =(C21-B21+(C21<B21))*24*60 -> 385 | E21: 3700 | F21: =IF(E21=0,0,(F37/J3*60)) -> 53.902703 | G21: =IF($K21=0,0,(K21*100)/(D21*$J$3/60)) -> 14.000702 | H21: =P19+P26 -> 281 | I21: =D21-F21-P27 -> 25.097297 | J21: =(D21-H21)/60*E21 -> 6413.3333 | K21: =F37 -> 3324 | L21: =IF($K21=0,0,K21/J21) -> 0.51829522 | N21: ТЕХНИЧЕСКИЕ | P21: =SUM(U46:U57) -> 25 | Q21: =SUM(U58:U68) -> 112 | R21: =SUM(U69:U79) -> 0 | S21: =SUM(U80:U90) -> 0 | T21: =SUM(U91:U101) -> 0 | U21: =SUM(U102:U112) -> 0 | V21: =P21+Q21+R21+S21+T21+U21 -> 137
L22: =K21-J21 -> -3089.3333 | N22: ТЕХНОЛОГИЧЕСКИЕ | P22: =SUM(V46:V57) -> 0 | Q22: =SUM(V58:V68) -> 0 | R22: =SUM(V69:V79) -> 0 | S22: =SUM(V80:V90) -> 0 | T22: =SUM(V91:V101) -> 0 | U22: =SUM(V102:V112) -> 0 | V22: =P22+Q22+R22+S22+T22+U22 -> 0
A23: =A38 -> Облепиха Окей 0,75 | B23: 0.60069444 | C23: 0.76041667 | D23: =(C23-B23+(C23<B23))*24*60 -> 230 | E23: 4600 | F23: =IF(E23=0,0,(F38/J3*60)) -> 99.535135 | G23: =IF($K23=0,0,(K23*100)/(D23*$J$3/60)) -> 43.276146 | H23: =Q19+Q26 -> 70 | I23: =D23-F23-Q27 -> -51.535135 | J23: =(D23-H23)/60*E23 -> 12266.667 | K23: =F38 -> 6138 | L23: =IF($K23=0,0,K23/J23) -> 0.50038043 | N23: ЛАБОРАТОРНЫЕ | P23: =SUM(W46:W57) -> 0 | Q23: =SUM(W58:W68) -> 0 | R23: =SUM(W69:W79) -> 0 | S23: =SUM(W80:W90) -> 0 | T23: =SUM(W91:W101) -> 0 | U23: =SUM(W102:W112) -> 0 | V23: =P23+Q23+R23+S23+T23+U23 -> 0
L24: =K23-J23 -> -6128.6667 | N24: СЫРЬЕВЫЕ | P24: =SUM(X46:X57) -> 0 | Q24: =SUM(X58:X68) -> 0 | R24: =SUM(X69:X79) -> 0 | S24: =SUM(X80:X90) -> 0 | T24: =SUM(X91:X101) -> 0 | U24: =SUM(X102:X112) -> 0 | V24: =P24+Q24+R24+S24+T24+U24 -> 0
A25: =A39 -> Облепиха Мамина дача 0,75 | B25: 0.76041667 | C25: 0.83333333 | D25: =(C25-B25+(C25<B25))*24*60 -> 105 | E25: 4600 | F25: =IF(E25=0,0,(F39/J3*60)) -> 75.162162 | G25: =IF($K25=0,0,(K25*100)/(D25*$J$3/60)) -> 71.583012 | H25: =R19+R26 -> 15 | I25: =D25-F25-R27 -> 14.837838 | J25: =(D25-H25)/60*E25 -> 6900 | K25: =F39 -> 4635 | L25: =IF($K25=0,0,K25/J25) -> 0.67173913 | N25: ЛОГИСТИЧЕСКИЕ | P25: =SUM(Y46:Y57) -> 0 | Q25: =SUM(Y58:Y68) -> 0 | R25: =SUM(Y69:Y79) -> 0 | S25: =SUM(Y80:Y90) -> 0 | T25: =SUM(Y91:Y101) -> 0 | U25: =SUM(Y102:Y112) -> 0 | V25: =P25+Q25+R25+S25+T25+U25 -> 0
L26: =K25-J25 -> -2265 | N26: ОБЩЕЗАВОДСКИЕ | P26: =SUM(Z46:Z57) -> 0 | Q26: =SUM(Z58:Z68) -> 0 | R26: =SUM(Z69:Z79) -> 0 | S26: =SUM(Z80:Z90) -> 0 | T26: =SUM(Z91:Z101) -> 0 | U26: =SUM(Z102:Z112) -> 0 | V26: =P26+Q26+R26+S26+T26+U26 -> 0
A27: =A40 -> 0 | D27: =(C27-B27+(C27<B27))*24*60 -> 0 | F27: =IF(E27=0,0,(F40/J3*60)) -> 0 | G27: =IF($K27=0,0,(K27*100)/(D27*$J$3/60)) -> 0 | H27: =S19+S26 -> 0 | I27: =D27-F27-S27 -> 0 | J27: =(D27-H27)/60*E27 -> 0 | K27: =F40 -> 0 | L27: =IF($K27=0,0,K27/J27) -> 0 | N27: ИТОГО | P27: =SUM(P18:P26) -> 306 | Q27: =SUM(Q18:Q26) -> 182 | R27: =SUM(R18:R26) -> 15 | S27: =SUM(S18:S26) -> 0 | T27: =SUM(T18:T26) -> 0 | U27: =SUM(U18:U26) -> 0 | V27: =P27+Q27+R27+S27+T27+U27 -> 503
L28: =K27-J27 -> 0
A29: =A41 -> 0 | D29: =(C29-B29+(C29<B29))*24*60 -> 0 | F29: =IF(E29=0,0,(F41/J3*60)) -> 0 | G29: =IF($K29=0,0,(K29*100)/(D29*$J$3/60)) -> 0 | H29: =T19+T26 -> 0 | I29: =D29-F29-T27 -> 0 | J29: =(D29-H29)/60*E29 -> 0 | K29: =F41 -> 0 | L29: =IF($K29=0,0,K29/J29) -> 0
L30: =K29-J29 -> 0
A31: =A42 -> 0 | D31: =(C31-B31+(C31<B31))*24*60 -> 0 | F31: =IF(E31=0,0,(F42/J3*60)) -> 0 | G31: =IF($K31=0,0,(K31*100)/(D31*$J$3/60)) -> 0 | H31: =U19+U26 -> 0 | I31: =D31-F31-U27 -> 0 | J31: =(D31-H31)/60*E31 -> 0 | K31: =F42 -> 0 | L31: =IF($K31=0,0,K31/J31) -> 0
L32: =K31-J31 -> 0
A33: НАИМЕНОВАНИЕ И КОЛИЧЕСТВО ПРОИЗВЕДЕННОЙ ПРОДУКЦИИ (ЗАПОЛНЯЕТСЯ МАСТЕРОМ) | J33: Итого план | K33: Итого факт | L33: =IF($K34=0,0,K34/J34) -> 0.55109461
J34: =J21+J23+J25+J27+J29+J31 -> 25580 | K34: =K21+K23+K25+K27+K29+K31 -> 14097
A35: Наименование продукции, формат | F35: Выпуск по счетчику | G35: Сдано на склад ГП | L35: Средний коэффициент по смене
A37: Тыква Баринофф 1,0 | F37: 3324 | G37: 9372 | K37: =G37 -> 9372
A38: Облепиха Окей 0,75 | F38: 6138 | G38: 6138 | K38: =G38 -> 6138
A39: Облепиха Мамина дача 0,75 | F39: 4635 | K39: =G39 -> 0
K40: =G40 -> 0
K41: =G41 -> 0
K42: =G42 -> 0
A43: ИТОГО СДАНО НА СКЛАД ПРОДУКЦИИ | K43: =SUM(K37:K42) -> 15510 | L43: =SUM(L38+L38) -> 0
A45: Наименование продукции, формат | B45: Время, час | D45: Объем производства, шт | E45: Автомат | F45: Описание простоя, причины | H45: Вид простоя | I45: Период простоя | K45: Время (мин) | L45: Корректирующие мероприятия | O45: Ответственный | P45: Сроки | Q45: Статус выполнения | S45: ПРОСТОИ
I46: Начало | J46: Конец | S46: ПЛАНОВЫЕ | T46: ПРОИЗВОДСТВЕННЫЕ | U46: ТЕХНИЧЕСКИЕ | V46: ТЕХНОЛОГИЧЕСКИЕ | W46: ЛАБОРАТОРНЫЕ | X46: СЫРЬЕВЫЕ | Y46: ЛОГИСТИЧЕСКИЕ | Z46: ОБЩЕЗАВОДСКИЕ
A47: =A37 -> Тыква Баринофф 1,0 | B47: =B21 -> 0.33333333 | C47: =B47+1/24 -> 0.375 | F47: Настройка ЧЗ | H47: технические | I47: 0.35069444 | J47: 0.36805556 | K47: =(J47-I47+(J47<I47))*24*60 -> 25 | L47: Выбивает бутылку, настройка сканера | O47: =IF(H47=$V$5,$F$7,"") -> Никишова | S47: =IF($H47="ПЛАНОВЫЕ",$K47,0) -> 0 | T47: =IF($H47="ПРОИЗВОДСТВЕННЫЕ",$K47,0) -> 0 | U47: =IF($H47="ТЕХНИЧЕСКИЕ",$K47,0) -> 25 | V47: =IF($H47="ТЕХНОЛОГИЧЕСКИЕ",$K47,0) -> 0 | W47: =IF($H47="ЛАБОРАТОРНЫЕ",$K47,0) -> 0 | X47: =IF($H47="СЫРЬЕВЫЕ",$K47,0) -> 0 | Y47: =IF($H47="ЛОГИСТИЧЕСКИЕ",$K47,0) -> 0 | Z47: =IF($H47="ОБЩЕЗАВОДСКИЕ",$K47,0) -> 0
B48: =C47 -> 0.375 | C48: =B48+1/24 -> 0.41666667 | F48: СИП 3 | H48: плановые | I48: 0.40555556 | J48: 0.60069444 | K48: =(J48-I48+(J48<I48))*24*60 -> 281 | L48: С переналадкой | O48: =IF(H48=$V$5,$F$7,"") | S48: =IF($H48="ПЛАНОВЫЕ",$K48,0) -> 281 | T48: =IF($H48="ПРОИЗВОДСТВЕННЫЕ",$K48,0) -> 0 | U48: =IF($H48="ТЕХНИЧЕСКИЕ",$K48,0) -> 0 | V48: =IF($H48="ТЕХНОЛОГИЧЕСКИЕ",$K48,0) -> 0 | W48: =IF($H48="ЛАБОРАТОРНЫЕ",$K48,0) -> 0 | X48: =IF($H48="СЫРЬЕВЫЕ",$K48,0) -> 0 | Y48: =IF($H48="ЛОГИСТИЧЕСКИЕ",$K48,0) -> 0 | Z48: =IF($H48="ОБЩЕЗАВОДСКИЕ",$K48,0) -> 0
B49: =C48 -> 0.41666667 | C49: =B49+1/24 -> 0.45833333 | K49: =(J49-I49+(J49<I49))*24*60 -> 0 | O49: =IF(H49=$V$5,$F$7,"") | S49: =IF($H49="ПЛАНОВЫЕ",$K49,0) -> 0 | T49: =IF($H49="ПРОИЗВОДСТВЕННЫЕ",$K49,0) -> 0 | U49: =IF($H49="ТЕХНИЧЕСКИЕ",$K49,0) -> 0 | V49: =IF($H49="ТЕХНОЛОГИЧЕСКИЕ",$K49,0) -> 0 | W49: =IF($H49="ЛАБОРАТОРНЫЕ",$K49,0) -> 0 | X49: =IF($H49="СЫРЬЕВЫЕ",$K49,0) -> 0 | Y49: =IF($H49="ЛОГИСТИЧЕСКИЕ",$K49,0) -> 0 | Z49: =IF($H49="ОБЩЕЗАВОДСКИЕ",$K49,0) -> 0
B50: =C49 -> 0.45833333 | C50: =B50+1/24 -> 0.5 | K50: =(J50-I50+(J50<I50))*24*60 -> 0 | O50: =IF(H50=$V$5,$F$7,"") | S50: =IF($H50="ПЛАНОВЫЕ",$K50,0) -> 0 | T50: =IF($H50="ПРОИЗВОДСТВЕННЫЕ",$K50,0) -> 0 | U50: =IF($H50="ТЕХНИЧЕСКИЕ",$K50,0) -> 0 | V50: =IF($H50="ТЕХНОЛОГИЧЕСКИЕ",$K50,0) -> 0 | W50: =IF($H50="ЛАБОРАТОРНЫЕ",$K50,0) -> 0 | X50: =IF($H50="СЫРЬЕВЫЕ",$K50,0) -> 0 | Y50: =IF($H50="ЛОГИСТИЧЕСКИЕ",$K50,0) -> 0 | Z50: =IF($H50="ОБЩЕЗАВОДСКИЕ",$K50,0) -> 0
B51: =C50 -> 0.5 | C51: =B51+1/24 -> 0.54166667 | K51: =(J51-I51+(J51<I51))*24*60 -> 0 | O51: =IF(H51=$V$5,$F$7,"") | S51: =IF($H51="ПЛАНОВЫЕ",$K51,0) -> 0 | T51: =IF($H51="ПРОИЗВОДСТВЕННЫЕ",$K51,0) -> 0 | U51: =IF($H51="ТЕХНИЧЕСКИЕ",$K51,0) -> 0 | V51: =IF($H51="ТЕХНОЛОГИЧЕСКИЕ",$K51,0) -> 0 | W51: =IF($H51="ЛАБОРАТОРНЫЕ",$K51,0) -> 0 | X51: =IF($H51="СЫРЬЕВЫЕ",$K51,0) -> 0 | Y51: =IF($H51="ЛОГИСТИЧЕСКИЕ",$K51,0) -> 0 | Z51: =IF($H51="ОБЩЕЗАВОДСКИЕ",$K51,0) -> 0
B52: =C51 -> 0.54166667 | C52: =B52+1/24 -> 0.58333333 | K52: =(J52-I52+(J52<I52))*24*60 -> 0 | O52: =IF(H52=$V$5,$F$7,"") | S52: =IF($H52="ПЛАНОВЫЕ",$K52,0) -> 0 | T52: =IF($H52="ПРОИЗВОДСТВЕННЫЕ",$K52,0) -> 0 | U52: =IF($H52="ТЕХНИЧЕСКИЕ",$K52,0) -> 0 | V52: =IF($H52="ТЕХНОЛОГИЧЕСКИЕ",$K52,0) -> 0 | W52: =IF($H52="ЛАБОРАТОРНЫЕ",$K52,0) -> 0 | X52: =IF($H52="СЫРЬЕВЫЕ",$K52,0) -> 0 | Y52: =IF($H52="ЛОГИСТИЧЕСКИЕ",$K52,0) -> 0 | Z52: =IF($H52="ОБЩЕЗАВОДСКИЕ",$K52,0) -> 0
B53: =C52 -> 0.58333333 | C53: =B53+1/24 -> 0.625 | K53: =(J53-I53+(J53<I53))*24*60 -> 0 | O53: =IF(H53=$V$5,$F$7,"") | S53: =IF($H53="ПЛАНОВЫЕ",$K53,0) -> 0 | T53: =IF($H53="ПРОИЗВОДСТВЕННЫЕ",$K53,0) -> 0 | U53: =IF($H53="ТЕХНИЧЕСКИЕ",$K53,0) -> 0 | V53: =IF($H53="ТЕХНОЛОГИЧЕСКИЕ",$K53,0) -> 0 | W53: =IF($H53="ЛАБОРАТОРНЫЕ",$K53,0) -> 0 | X53: =IF($H53="СЫРЬЕВЫЕ",$K53,0) -> 0 | Y53: =IF($H53="ЛОГИСТИЧЕСКИЕ",$K53,0) -> 0 | Z53: =IF($H53="ОБЩЕЗАВОДСКИЕ",$K53,0) -> 0
B54: =C53 -> 0.625 | C54: =B54+1/24 -> 0.66666667 | K54: =(J54-I54+(J54<I54))*24*60 -> 0 | O54: =IF(H54=$V$5,$F$7,"") | S54: =IF($H54="ПЛАНОВЫЕ",$K54,0) -> 0 | T54: =IF($H54="ПРОИЗВОДСТВЕННЫЕ",$K54,0) -> 0 | U54: =IF($H54="ТЕХНИЧЕСКИЕ",$K54,0) -> 0 | V54: =IF($H54="ТЕХНОЛОГИЧЕСКИЕ",$K54,0) -> 0 | W54: =IF($H54="ЛАБОРАТОРНЫЕ",$K54,0) -> 0 | X54: =IF($H54="СЫРЬЕВЫЕ",$K54,0) -> 0 | Y54: =IF($H54="ЛОГИСТИЧЕСКИЕ",$K54,0) -> 0 | Z54: =IF($H54="ОБЩЕЗАВОДСКИЕ",$K54,0) -> 0
B55: =C54 -> 0.66666667 | C55: =B55+1/24 -> 0.70833333 | K55: =(J55-I55+(J55<I55))*24*60 -> 0 | O55: =IF(H55=$V$5,$F$7,"") | S55: =IF($H55="ПЛАНОВЫЕ",$K55,0) -> 0 | T55: =IF($H55="ПРОИЗВОДСТВЕННЫЕ",$K55,0) -> 0 | U55: =IF($H55="ТЕХНИЧЕСКИЕ",$K55,0) -> 0 | V55: =IF($H55="ТЕХНОЛОГИЧЕСКИЕ",$K55,0) -> 0 | W55: =IF($H55="ЛАБОРАТОРНЫЕ",$K55,0) -> 0 | X55: =IF($H55="СЫРЬЕВЫЕ",$K55,0) -> 0 | Y55: =IF($H55="ЛОГИСТИЧЕСКИЕ",$K55,0) -> 0 | Z55: =IF($H55="ОБЩЕЗАВОДСКИЕ",$K55,0) -> 0
B56: =C55 -> 0.70833333 | C56: =B56+1/24 -> 0.75 | K56: =(J56-I56+(J56<I56))*24*60 -> 0 | O56: =IF(H56=$V$5,$F$7,"") | S56: =IF($H56="ПЛАНОВЫЕ",$K56,0) -> 0 | T56: =IF($H56="ПРОИЗВОДСТВЕННЫЕ",$K56,0) -> 0 | U56: =IF($H56="ТЕХНИЧЕСКИЕ",$K56,0) -> 0 | V56: =IF($H56="ТЕХНОЛОГИЧЕСКИЕ",$K56,0) -> 0 | W56: =IF($H56="ЛАБОРАТОРНЫЕ",$K56,0) -> 0 | X56: =IF($H56="СЫРЬЕВЫЕ",$K56,0) -> 0 | Y56: =IF($H56="ЛОГИСТИЧЕСКИЕ",$K56,0) -> 0 | Z56: =IF($H56="ОБЩЕЗАВОДСКИЕ",$K56,0) -> 0
B57: =C56 -> 0.75 | C57: =B57+1/24 -> 0.79166667 | K57: =(J57-I57+(J57<I57))*24*60 -> 0 | O57: =IF(H57=$V$5,$F$7,"") | S57: =IF($H57="ПЛАНОВЫЕ",$K57,0) -> 0 | T57: =IF($H57="ПРОИЗВОДСТВЕННЫЕ",$K57,0) -> 0 | U57: =IF($H57="ТЕХНИЧЕСКИЕ",$K57,0) -> 0 | V57: =IF($H57="ТЕХНОЛОГИЧЕСКИЕ",$K57,0) -> 0 | W57: =IF($H57="ЛАБОРАТОРНЫЕ",$K57,0) -> 0 | X57: =IF($H57="СЫРЬЕВЫЕ",$K57,0) -> 0 | Y57: =IF($H57="ЛОГИСТИЧЕСКИЕ",$K57,0) -> 0 | Z57: =IF($H57="ОБЩЕЗАВОДСКИЕ",$K57,0) -> 0
B58: =C57 -> 0.79166667 | C58: =B58+1/24 -> 0.83333333 | K58: =(J58-I58+(J58<I58))*24*60 -> 0 | O58: =IF(H58=$V$5,$F$7,"") | S58: =IF($H58="ПЛАНОВЫЕ",$K58,0) -> 0 | T58: =IF($H58="ПРОИЗВОДСТВЕННЫЕ",$K58,0) -> 0 | U58: =IF($H58="ТЕХНИЧЕСКИЕ",$K58,0) -> 0 | V58: =IF($H58="ТЕХНОЛОГИЧЕСКИЕ",$K58,0) -> 0 | W58: =IF($H58="ЛАБОРАТОРНЫЕ",$K58,0) -> 0 | X58: =IF($H58="СЫРЬЕВЫЕ",$K58,0) -> 0 | Y58: =IF($H58="ЛОГИСТИЧЕСКИЕ",$K58,0) -> 0 | Z58: =IF($H58="ОБЩЕЗАВОДСКИЕ",$K58,0) -> 0
A59: =A38 -> Облепиха Окей 0,75 | B59: =B23 -> 0.60069444 | C59: =B59+1/24 -> 0.64236111 | F59: Запуск продукт | H59: плановые | I59: 0.60069444 | J59: 0.62152778 | K59: =(J59-I59+(J59<I59))*24*60 -> 30 | O59: =IF(H59=$V$5,$F$7,"") | S59: =IF($H59="ПЛАНОВЫЕ",$K59,0) -> 30 | T59: =IF($H59="ПРОИЗВОДСТВЕННЫЕ",$K59,0) -> 0 | U59: =IF($H59="ТЕХНИЧЕСКИЕ",$K59,0) -> 0 | V59: =IF($H59="ТЕХНОЛОГИЧЕСКИЕ",$K59,0) -> 0 | W59: =IF($H59="ЛАБОРАТОРНЫЕ",$K59,0) -> 0 | X59: =IF($H59="СЫРЬЕВЫЕ",$K59,0) -> 0 | Y59: =IF($H59="ЛОГИСТИЧЕСКИЕ",$K59,0) -> 0 | Z59: =IF($H59="ОБЩЕЗАВОДСКИЕ",$K59,0) -> 0
B60: =C59 -> 0.64236111 | C60: =B60+1/24 -> 0.68402778 | F60: Настройка блока розлива | H60: технические | I60: 0.62152778 | J60: 0.68194444 | K60: =(J60-I60+(J60<I60))*24*60 -> 87 | L60: Ремонт столика №17 (не поднимает до конца) | O60: =IF(H60=$V$5,$F$7,"") -> Никишова | S60: =IF($H60="ПЛАНОВЫЕ",$K60,0) -> 0 | T60: =IF($H60="ПРОИЗВОДСТВЕННЫЕ",$K60,0) -> 0 | U60: =IF($H60="ТЕХНИЧЕСКИЕ",$K60,0) -> 87 | V60: =IF($H60="ТЕХНОЛОГИЧЕСКИЕ",$K60,0) -> 0 | W60: =IF($H60="ЛАБОРАТОРНЫЕ",$K60,0) -> 0 | X60: =IF($H60="СЫРЬЕВЫЕ",$K60,0) -> 0 | Y60: =IF($H60="ЛОГИСТИЧЕСКИЕ",$K60,0) -> 0 | Z60: =IF($H60="ОБЩЕЗАВОДСКИЕ",$K60,0) -> 0
B61: =C60 -> 0.68402778 | C61: =B61+1/24 -> 0.72569444 | F61: Настройка этикетировщика | H61: технические | I61: 0.70833333 | J61: 0.71875 | K61: =(J61-I61+(J61<I61))*24*60 -> 15 | L61: После переналадки | O61: =IF(H61=$V$5,$F$7,"") -> Никишова | S61: =IF($H61="ПЛАНОВЫЕ",$K61,0) -> 0 | T61: =IF($H61="ПРОИЗВОДСТВЕННЫЕ",$K61,0) -> 0 | U61: =IF($H61="ТЕХНИЧЕСКИЕ",$K61,0) -> 15 | V61: =IF($H61="ТЕХНОЛОГИЧЕСКИЕ",$K61,0) -> 0 | W61: =IF($H61="ЛАБОРАТОРНЫЕ",$K61,0) -> 0 | X61: =IF($H61="СЫРЬЕВЫЕ",$K61,0) -> 0 | Y61: =IF($H61="ЛОГИСТИЧЕСКИЕ",$K61,0) -> 0 | Z61: =IF($H61="ОБЩЕЗАВОДСКИЕ",$K61,0) -> 0
B62: =C61 -> 0.72569444 | C62: =B62+1/24 -> 0.76736111 | F62: Настройка упаковщика | H62: технические | I62: 0.72222222 | J62: 0.72916667 | K62: =(J62-I62+(J62<I62))*24*60 -> 10 | O62: =IF(H62=$V$5,$F$7,"") -> Никишова | S62: =IF($H62="ПЛАНОВЫЕ",$K62,0) -> 0 | T62: =IF($H62="ПРОИЗВОДСТВЕННЫЕ",$K62,0) -> 0 | U62: =IF($H62="ТЕХНИЧЕСКИЕ",$K62,0) -> 10 | V62: =IF($H62="ТЕХНОЛОГИЧЕСКИЕ",$K62,0) -> 0 | W62: =IF($H62="ЛАБОРАТОРНЫЕ",$K62,0) -> 0 | X62: =IF($H62="СЫРЬЕВЫЕ",$K62,0) -> 0 | Y62: =IF($H62="ЛОГИСТИЧЕСКИЕ",$K62,0) -> 0 | Z62: =IF($H62="ОБЩЕЗАВОДСКИЕ",$K62,0) -> 0
B63: =C62 -> 0.76736111 | C63: =B63+1/24 -> 0.80902778 | F63: Смена этикетки (общее) | H63: плановые | I63: 0.72916667 | J63: 0.73611111 | K63: =(J63-I63+(J63<I63))*24*60 -> 10 | O63: =IF(H63=$V$5,$F$7,"") | S63: =IF($H63="ПЛАНОВЫЕ",$K63,0) -> 10 | T63: =IF($H63="ПРОИЗВОДСТВЕННЫЕ",$K63,0) -> 0 | U63: =IF($H63="ТЕХНИЧЕСКИЕ",$K63,0) -> 0 | V63: =IF($H63="ТЕХНОЛОГИЧЕСКИЕ",$K63,0) -> 0 | W63: =IF($H63="ЛАБОРАТОРНЫЕ",$K63,0) -> 0 | X63: =IF($H63="СЫРЬЕВЫЕ",$K63,0) -> 0 | Y63: =IF($H63="ЛОГИСТИЧЕСКИЕ",$K63,0) -> 0 | Z63: =IF($H63="ОБЩЕЗАВОДСКИЕ",$K63,0) -> 0
B64: =C63 -> 0.80902778 | C64: =B64+1/24 -> 0.85069444 | F64: Смена пленки (общее) | H64: плановые | I64: 0.73611111 | J64: 0.74305556 | K64: =(J64-I64+(J64<I64))*24*60 -> 10 | O64: =IF(H64=$V$5,$F$7,"") | S64: =IF($H64="ПЛАНОВЫЕ",$K64,0) -> 10 | T64: =IF($H64="ПРОИЗВОДСТВЕННЫЕ",$K64,0) -> 0 | U64: =IF($H64="ТЕХНИЧЕСКИЕ",$K64,0) -> 0 | V64: =IF($H64="ТЕХНОЛОГИЧЕСКИЕ",$K64,0) -> 0 | W64: =IF($H64="ЛАБОРАТОРНЫЕ",$K64,0) -> 0 | X64: =IF($H64="СЫРЬЕВЫЕ",$K64,0) -> 0 | Y64: =IF($H64="ЛОГИСТИЧЕСКИЕ",$K64,0) -> 0 | Z64: =IF($H64="ОБЩЕЗАВОДСКИЕ",$K64,0) -> 0
B65: =C64 -> 0.85069444 | C65: =B65+1/24 -> 0.89236111 | F65: Настройка ЧЗ (общее) | H65: плановые | I65: 0.74305556 | J65: 0.75694444 | K65: =(J65-I65+(J65<I65))*24*60 -> 20 | O65: =IF(H65=$V$5,$F$7,"") | S65: =IF($H65="ПЛАНОВЫЕ",$K65,0) -> 20 | T65: =IF($H65="ПРОИЗВОДСТВЕННЫЕ",$K65,0) -> 0 | U65: =IF($H65="ТЕХНИЧЕСКИЕ",$K65,0) -> 0 | V65: =IF($H65="ТЕХНОЛОГИЧЕСКИЕ",$K65,0) -> 0 | W65: =IF($H65="ЛАБОРАТОРНЫЕ",$K65,0) -> 0 | X65: =IF($H65="СЫРЬЕВЫЕ",$K65,0) -> 0 | Y65: =IF($H65="ЛОГИСТИЧЕСКИЕ",$K65,0) -> 0 | Z65: =IF($H65="ОБЩЕЗАВОДСКИЕ",$K65,0) -> 0
B66: =C65 -> 0.89236111 | C66: =B66+1/24 -> 0.93402778 | K66: =(J66-I66+(J66<I66))*24*60 -> 0 | O66: =IF(H66=$V$5,$F$7,"") | S66: =IF($H66="ПЛАНОВЫЕ",$K66,0) -> 0 | T66: =IF($H66="ПРОИЗВОДСТВЕННЫЕ",$K66,0) -> 0 | U66: =IF($H66="ТЕХНИЧЕСКИЕ",$K66,0) -> 0 | V66: =IF($H66="ТЕХНОЛОГИЧЕСКИЕ",$K66,0) -> 0 | W66: =IF($H66="ЛАБОРАТОРНЫЕ",$K66,0) -> 0 | X66: =IF($H66="СЫРЬЕВЫЕ",$K66,0) -> 0 | Y66: =IF($H66="ЛОГИСТИЧЕСКИЕ",$K66,0) -> 0 | Z66: =IF($H66="ОБЩЕЗАВОДСКИЕ",$K66,0) -> 0
B67: =C66 -> 0.93402778 | C67: =B67+1/24 -> 0.97569444 | K67: =(J67-I67+(J67<I67))*24*60 -> 0 | O67: =IF(H67=$V$5,$F$7,"") | S67: =IF($H67="ПЛАНОВЫЕ",$K67,0) -> 0 | T67: =IF($H67="ПРОИЗВОДСТВЕННЫЕ",$K67,0) -> 0 | U67: =IF($H67="ТЕХНИЧЕСКИЕ",$K67,0) -> 0 | V67: =IF($H67="ТЕХНОЛОГИЧЕСКИЕ",$K67,0) -> 0 | W67: =IF($H67="ЛАБОРАТОРНЫЕ",$K67,0) -> 0 | X67: =IF($H67="СЫРЬЕВЫЕ",$K67,0) -> 0 | Y67: =IF($H67="ЛОГИСТИЧЕСКИЕ",$K67,0) -> 0 | Z67: =IF($H67="ОБЩЕЗАВОДСКИЕ",$K67,0) -> 0
B68: =C67 -> 0.97569444 | C68: =B68+1/24 -> 1.0173611 | K68: =(J68-I68+(J68<I68))*24*60 -> 0 | O68: =IF(H68=$V$5,$F$7,"") | S68: =IF($H68="ПЛАНОВЫЕ",$K68,0) -> 0 | T68: =IF($H68="ПРОИЗВОДСТВЕННЫЕ",$K68,0) -> 0 | U68: =IF($H68="ТЕХНИЧЕСКИЕ",$K68,0) -> 0 | V68: =IF($H68="ТЕХНОЛОГИЧЕСКИЕ",$K68,0) -> 0 | W68: =IF($H68="ЛАБОРАТОРНЫЕ",$K68,0) -> 0 | X68: =IF($H68="СЫРЬЕВЫЕ",$K68,0) -> 0 | Y68: =IF($H68="ЛОГИСТИЧЕСКИЕ",$K68,0) -> 0 | Z68: =IF($H68="ОБЩЕЗАВОДСКИЕ",$K68,0) -> 0
B69: =C68 -> 1.0173611 | C69: =B69+1/24 -> 1.0590278 | K69: =(J69-I69+(J69<I69))*24*60 -> 0 | O69: =IF(H69=$V$5,$F$7,"") | S69: =IF($H69="ПЛАНОВЫЕ",$K69,0) -> 0 | T69: =IF($H69="ПРОИЗВОДСТВЕННЫЕ",$K69,0) -> 0 | U69: =IF($H69="ТЕХНИЧЕСКИЕ",$K69,0) -> 0 | V69: =IF($H69="ТЕХНОЛОГИЧЕСКИЕ",$K69,0) -> 0 | W69: =IF($H69="ЛАБОРАТОРНЫЕ",$K69,0) -> 0 | X69: =IF($H69="СЫРЬЕВЫЕ",$K69,0) -> 0 | Y69: =IF($H69="ЛОГИСТИЧЕСКИЕ",$K69,0) -> 0 | Z69: =IF($H69="ОБЩЕЗАВОДСКИЕ",$K69,0) -> 0
A70: =A39 -> Облепиха Мамина дача 0,75 | B70: =B25 -> 0.76041667 | C70: =B70+1/24 -> 0.80208333 | F70: Смена ассортимента | H70: плановые | I70: 0.78472222 | J70: 0.79513889 | K70: =(J70-I70+(J70<I70))*24*60 -> 15 | O70: =IF(H70=$V$5,$F$7,"") | S70: =IF($H70="ПЛАНОВЫЕ",$K70,0) -> 15 | T70: =IF($H70="ПРОИЗВОДСТВЕННЫЕ",$K70,0) -> 0 | U70: =IF($H70="ТЕХНИЧЕСКИЕ",$K70,0) -> 0 | V70: =IF($H70="ТЕХНОЛОГИЧЕСКИЕ",$K70,0) -> 0 | W70: =IF($H70="ЛАБОРАТОРНЫЕ",$K70,0) -> 0 | X70: =IF($H70="СЫРЬЕВЫЕ",$K70,0) -> 0 | Y70: =IF($H70="ЛОГИСТИЧЕСКИЕ",$K70,0) -> 0 | Z70: =IF($H70="ОБЩЕЗАВОДСКИЕ",$K70,0) -> 0
B71: =C70 -> 0.80208333 | C71: =B71+1/24 -> 0.84375 | K71: =(J71-I71+(J71<I71))*24*60 -> 0 | O71: =IF(H71=$V$5,$F$7,"") | S71: =IF($H71="ПЛАНОВЫЕ",$K71,0) -> 0 | T71: =IF($H71="ПРОИЗВОДСТВЕННЫЕ",$K71,0) -> 0 | U71: =IF($H71="ТЕХНИЧЕСКИЕ",$K71,0) -> 0 | V71: =IF($H71="ТЕХНОЛОГИЧЕСКИЕ",$K71,0) -> 0 | W71: =IF($H71="ЛАБОРАТОРНЫЕ",$K71,0) -> 0 | X71: =IF($H71="СЫРЬЕВЫЕ",$K71,0) -> 0 | Y71: =IF($H71="ЛОГИСТИЧЕСКИЕ",$K71,0) -> 0 | Z71: =IF($H71="ОБЩЕЗАВОДСКИЕ",$K71,0) -> 0
B72: =C71 -> 0.84375 | C72: =B72+1/24 -> 0.88541667 | K72: =(J72-I72+(J72<I72))*24*60 -> 0 | O72: =IF(H72=$V$5,$F$7,"") | S72: =IF($H72="ПЛАНОВЫЕ",$K72,0) -> 0 | T72: =IF($H72="ПРОИЗВОДСТВЕННЫЕ",$K72,0) -> 0 | U72: =IF($H72="ТЕХНИЧЕСКИЕ",$K72,0) -> 0 | V72: =IF($H72="ТЕХНОЛОГИЧЕСКИЕ",$K72,0) -> 0 | W72: =IF($H72="ЛАБОРАТОРНЫЕ",$K72,0) -> 0 | X72: =IF($H72="СЫРЬЕВЫЕ",$K72,0) -> 0 | Y72: =IF($H72="ЛОГИСТИЧЕСКИЕ",$K72,0) -> 0 | Z72: =IF($H72="ОБЩЕЗАВОДСКИЕ",$K72,0) -> 0
B73: =C72 -> 0.88541667 | C73: =B73+1/24 -> 0.92708333 | K73: =(J73-I73+(J73<I73))*24*60 -> 0 | O73: =IF(H73=$V$5,$F$7,"") | S73: =IF($H73="ПЛАНОВЫЕ",$K73,0) -> 0 | T73: =IF($H73="ПРОИЗВОДСТВЕННЫЕ",$K73,0) -> 0 | U73: =IF($H73="ТЕХНИЧЕСКИЕ",$K73,0) -> 0 | V73: =IF($H73="ТЕХНОЛОГИЧЕСКИЕ",$K73,0) -> 0 | W73: =IF($H73="ЛАБОРАТОРНЫЕ",$K73,0) -> 0 | X73: =IF($H73="СЫРЬЕВЫЕ",$K73,0) -> 0 | Y73: =IF($H73="ЛОГИСТИЧЕСКИЕ",$K73,0) -> 0 | Z73: =IF($H73="ОБЩЕЗАВОДСКИЕ",$K73,0) -> 0
B74: =C73 -> 0.92708333 | C74: =B74+1/24 -> 0.96875 | K74: =(J74-I74+(J74<I74))*24*60 -> 0 | O74: =IF(H74=$V$5,$F$7,"") | S74: =IF($H74="ПЛАНОВЫЕ",$K74,0) -> 0 | T74: =IF($H74="ПРОИЗВОДСТВЕННЫЕ",$K74,0) -> 0 | U74: =IF($H74="ТЕХНИЧЕСКИЕ",$K74,0) -> 0 | V74: =IF($H74="ТЕХНОЛОГИЧЕСКИЕ",$K74,0) -> 0 | W74: =IF($H74="ЛАБОРАТОРНЫЕ",$K74,0) -> 0 | X74: =IF($H74="СЫРЬЕВЫЕ",$K74,0) -> 0 | Y74: =IF($H74="ЛОГИСТИЧЕСКИЕ",$K74,0) -> 0 | Z74: =IF($H74="ОБЩЕЗАВОДСКИЕ",$K74,0) -> 0
B75: =C74 -> 0.96875 | C75: =B75+1/24 -> 1.0104167 | K75: =(J75-I75+(J75<I75))*24*60 -> 0 | O75: =IF(H75=$V$5,$F$7,"") | S75: =IF($H75="ПЛАНОВЫЕ",$K75,0) -> 0 | T75: =IF($H75="ПРОИЗВОДСТВЕННЫЕ",$K75,0) -> 0 | U75: =IF($H75="ТЕХНИЧЕСКИЕ",$K75,0) -> 0 | V75: =IF($H75="ТЕХНОЛОГИЧЕСКИЕ",$K75,0) -> 0 | W75: =IF($H75="ЛАБОРАТОРНЫЕ",$K75,0) -> 0 | X75: =IF($H75="СЫРЬЕВЫЕ",$K75,0) -> 0 | Y75: =IF($H75="ЛОГИСТИЧЕСКИЕ",$K75,0) -> 0 | Z75: =IF($H75="ОБЩЕЗАВОДСКИЕ",$K75,0) -> 0
B76: =C75 -> 1.0104167 | C76: =B76+1/24 -> 1.0520833 | K76: =(J76-I76+(J76<I76))*24*60 -> 0 | O76: =IF(H76=$V$5,$F$7,"") | S76: =IF($H76="ПЛАНОВЫЕ",$K76,0) -> 0 | T76: =IF($H76="ПРОИЗВОДСТВЕННЫЕ",$K76,0) -> 0 | U76: =IF($H76="ТЕХНИЧЕСКИЕ",$K76,0) -> 0 | V76: =IF($H76="ТЕХНОЛОГИЧЕСКИЕ",$K76,0) -> 0 | W76: =IF($H76="ЛАБОРАТОРНЫЕ",$K76,0) -> 0 | X76: =IF($H76="СЫРЬЕВЫЕ",$K76,0) -> 0 | Y76: =IF($H76="ЛОГИСТИЧЕСКИЕ",$K76,0) -> 0 | Z76: =IF($H76="ОБЩЕЗАВОДСКИЕ",$K76,0) -> 0
B77: =C76 -> 1.0520833 | C77: =B77+1/24 -> 1.09375 | K77: =(J77-I77+(J77<I77))*24*60 -> 0 | O77: =IF(H77=$V$5,$F$7,"") | S77: =IF($H77="ПЛАНОВЫЕ",$K77,0) -> 0 | T77: =IF($H77="ПРОИЗВОДСТВЕННЫЕ",$K77,0) -> 0 | U77: =IF($H77="ТЕХНИЧЕСКИЕ",$K77,0) -> 0 | V77: =IF($H77="ТЕХНОЛОГИЧЕСКИЕ",$K77,0) -> 0 | W77: =IF($H77="ЛАБОРАТОРНЫЕ",$K77,0) -> 0 | X77: =IF($H77="СЫРЬЕВЫЕ",$K77,0) -> 0 | Y77: =IF($H77="ЛОГИСТИЧЕСКИЕ",$K77,0) -> 0 | Z77: =IF($H77="ОБЩЕЗАВОДСКИЕ",$K77,0) -> 0
B78: =C77 -> 1.09375 | C78: =B78+1/24 -> 1.1354167 | K78: =(J78-I78+(J78<I78))*24*60 -> 0 | O78: =IF(H78=$V$5,$F$7,"") | S78: =IF($H78="ПЛАНОВЫЕ",$K78,0) -> 0 | T78: =IF($H78="ПРОИЗВОДСТВЕННЫЕ",$K78,0) -> 0 | U78: =IF($H78="ТЕХНИЧЕСКИЕ",$K78,0) -> 0 | V78: =IF($H78="ТЕХНОЛОГИЧЕСКИЕ",$K78,0) -> 0 | W78: =IF($H78="ЛАБОРАТОРНЫЕ",$K78,0) -> 0 | X78: =IF($H78="СЫРЬЕВЫЕ",$K78,0) -> 0 | Y78: =IF($H78="ЛОГИСТИЧЕСКИЕ",$K78,0) -> 0 | Z78: =IF($H78="ОБЩЕЗАВОДСКИЕ",$K78,0) -> 0
B79: =C78 -> 1.1354167 | C79: =B79+1/24 -> 1.1770833 | K79: =(J79-I79+(J79<I79))*24*60 -> 0 | O79: =IF(H79=$V$5,$F$7,"") | S79: =IF($H79="ПЛАНОВЫЕ",$K79,0) -> 0 | T79: =IF($H79="ПРОИЗВОДСТВЕННЫЕ",$K79,0) -> 0 | U79: =IF($H79="ТЕХНИЧЕСКИЕ",$K79,0) -> 0 | V79: =IF($H79="ТЕХНОЛОГИЧЕСКИЕ",$K79,0) -> 0 | W79: =IF($H79="ЛАБОРАТОРНЫЕ",$K79,0) -> 0 | X79: =IF($H79="СЫРЬЕВЫЕ",$K79,0) -> 0 | Y79: =IF($H79="ЛОГИСТИЧЕСКИЕ",$K79,0) -> 0 | Z79: =IF($H79="ОБЩЕЗАВОДСКИЕ",$K79,0) -> 0
B80: =C79 -> 1.1770833 | C80: =B80+1/24 -> 1.21875 | K80: =(J80-I80+(J80<I80))*24*60 -> 0 | O80: =IF(H80=$V$5,$F$7,"") | S80: =IF($H80="ПЛАНОВЫЕ",$K80,0) -> 0 | T80: =IF($H80="ПРОИЗВОДСТВЕННЫЕ",$K80,0) -> 0 | U80: =IF($H80="ТЕХНИЧЕСКИЕ",$K80,0) -> 0 | V80: =IF($H80="ТЕХНОЛОГИЧЕСКИЕ",$K80,0) -> 0 | W80: =IF($H80="ЛАБОРАТОРНЫЕ",$K80,0) -> 0 | X80: =IF($H80="СЫРЬЕВЫЕ",$K80,0) -> 0 | Y80: =IF($H80="ЛОГИСТИЧЕСКИЕ",$K80,0) -> 0 | Z80: =IF($H80="ОБЩЕЗАВОДСКИЕ",$K80,0) -> 0
A81: =A40 -> 0 | B81: =B27 -> 0 | C81: =B81+1/24 -> 0.041666667 | K81: =(J81-I81+(J81<I81))*24*60 -> 0 | O81: =IF(H81=$V$5,$F$7,"") | S81: =IF($H81="ПЛАНОВЫЕ",$K81,0) -> 0 | T81: =IF($H81="ПРОИЗВОДСТВЕННЫЕ",$K81,0) -> 0 | U81: =IF($H81="ТЕХНИЧЕСКИЕ",$K81,0) -> 0 | V81: =IF($H81="ТЕХНОЛОГИЧЕСКИЕ",$K81,0) -> 0 | W81: =IF($H81="ЛАБОРАТОРНЫЕ",$K81,0) -> 0 | X81: =IF($H81="СЫРЬЕВЫЕ",$K81,0) -> 0 | Y81: =IF($H81="ЛОГИСТИЧЕСКИЕ",$K81,0) -> 0 | Z81: =IF($H81="ОБЩЕЗАВОДСКИЕ",$K81,0) -> 0
B82: =C81 -> 0.041666667 | C82: =B82+1/24 -> 0.083333333 | K82: =(J82-I82+(J82<I82))*24*60 -> 0 | O82: =IF(H82=$V$5,$F$7,"") | S82: =IF($H82="ПЛАНОВЫЕ",$K82,0) -> 0 | T82: =IF($H82="ПРОИЗВОДСТВЕННЫЕ",$K82,0) -> 0 | U82: =IF($H82="ТЕХНИЧЕСКИЕ",$K82,0) -> 0 | V82: =IF($H82="ТЕХНОЛОГИЧЕСКИЕ",$K82,0) -> 0 | W82: =IF($H82="ЛАБОРАТОРНЫЕ",$K82,0) -> 0 | X82: =IF($H82="СЫРЬЕВЫЕ",$K82,0) -> 0 | Y82: =IF($H82="ЛОГИСТИЧЕСКИЕ",$K82,0) -> 0 | Z82: =IF($H82="ОБЩЕЗАВОДСКИЕ",$K82,0) -> 0
B83: =C82 -> 0.083333333 | C83: =B83+1/24 -> 0.125 | K83: =(J83-I83+(J83<I83))*24*60 -> 0 | O83: =IF(H83=$V$5,$F$7,"") | S83: =IF($H83="ПЛАНОВЫЕ",$K83,0) -> 0 | T83: =IF($H83="ПРОИЗВОДСТВЕННЫЕ",$K83,0) -> 0 | U83: =IF($H83="ТЕХНИЧЕСКИЕ",$K83,0) -> 0 | V83: =IF($H83="ТЕХНОЛОГИЧЕСКИЕ",$K83,0) -> 0 | W83: =IF($H83="ЛАБОРАТОРНЫЕ",$K83,0) -> 0 | X83: =IF($H83="СЫРЬЕВЫЕ",$K83,0) -> 0 | Y83: =IF($H83="ЛОГИСТИЧЕСКИЕ",$K83,0) -> 0 | Z83: =IF($H83="ОБЩЕЗАВОДСКИЕ",$K83,0) -> 0
B84: =C83 -> 0.125 | C84: =B84+1/24 -> 0.16666667 | K84: =(J84-I84+(J84<I84))*24*60 -> 0 | O84: =IF(H84=$V$5,$F$7,"") | S84: =IF($H84="ПЛАНОВЫЕ",$K84,0) -> 0 | T84: =IF($H84="ПРОИЗВОДСТВЕННЫЕ",$K84,0) -> 0 | U84: =IF($H84="ТЕХНИЧЕСКИЕ",$K84,0) -> 0 | V84: =IF($H84="ТЕХНОЛОГИЧЕСКИЕ",$K84,0) -> 0 | W84: =IF($H84="ЛАБОРАТОРНЫЕ",$K84,0) -> 0 | X84: =IF($H84="СЫРЬЕВЫЕ",$K84,0) -> 0 | Y84: =IF($H84="ЛОГИСТИЧЕСКИЕ",$K84,0) -> 0 | Z84: =IF($H84="ОБЩЕЗАВОДСКИЕ",$K84,0) -> 0
B85: =C84 -> 0.16666667 | C85: =B85+1/24 -> 0.20833333 | K85: =(J85-I85+(J85<I85))*24*60 -> 0 | O85: =IF(H85=$V$5,$F$7,"") | S85: =IF($H85="ПЛАНОВЫЕ",$K85,0) -> 0 | T85: =IF($H85="ПРОИЗВОДСТВЕННЫЕ",$K85,0) -> 0 | U85: =IF($H85="ТЕХНИЧЕСКИЕ",$K85,0) -> 0 | V85: =IF($H85="ТЕХНОЛОГИЧЕСКИЕ",$K85,0) -> 0 | W85: =IF($H85="ЛАБОРАТОРНЫЕ",$K85,0) -> 0 | X85: =IF($H85="СЫРЬЕВЫЕ",$K85,0) -> 0 | Y85: =IF($H85="ЛОГИСТИЧЕСКИЕ",$K85,0) -> 0 | Z85: =IF($H85="ОБЩЕЗАВОДСКИЕ",$K85,0) -> 0
B86: =C85 -> 0.20833333 | C86: =B86+1/24 -> 0.25 | K86: =(J86-I86+(J86<I86))*24*60 -> 0 | O86: =IF(H86=$V$5,$F$7,"") | S86: =IF($H86="ПЛАНОВЫЕ",$K86,0) -> 0 | T86: =IF($H86="ПРОИЗВОДСТВЕННЫЕ",$K86,0) -> 0 | U86: =IF($H86="ТЕХНИЧЕСКИЕ",$K86,0) -> 0 | V86: =IF($H86="ТЕХНОЛОГИЧЕСКИЕ",$K86,0) -> 0 | W86: =IF($H86="ЛАБОРАТОРНЫЕ",$K86,0) -> 0 | X86: =IF($H86="СЫРЬЕВЫЕ",$K86,0) -> 0 | Y86: =IF($H86="ЛОГИСТИЧЕСКИЕ",$K86,0) -> 0 | Z86: =IF($H86="ОБЩЕЗАВОДСКИЕ",$K86,0) -> 0
B87: =C86 -> 0.25 | C87: =B87+1/24 -> 0.29166667 | K87: =(J87-I87+(J87<I87))*24*60 -> 0 | O87: =IF(H87=$V$5,$F$7,"") | S87: =IF($H87="ПЛАНОВЫЕ",$K87,0) -> 0 | T87: =IF($H87="ПРОИЗВОДСТВЕННЫЕ",$K87,0) -> 0 | U87: =IF($H87="ТЕХНИЧЕСКИЕ",$K87,0) -> 0 | V87: =IF($H87="ТЕХНОЛОГИЧЕСКИЕ",$K87,0) -> 0 | W87: =IF($H87="ЛАБОРАТОРНЫЕ",$K87,0) -> 0 | X87: =IF($H87="СЫРЬЕВЫЕ",$K87,0) -> 0 | Y87: =IF($H87="ЛОГИСТИЧЕСКИЕ",$K87,0) -> 0 | Z87: =IF($H87="ОБЩЕЗАВОДСКИЕ",$K87,0) -> 0
B88: =C87 -> 0.29166667 | C88: =B88+1/24 -> 0.33333333 | K88: =(J88-I88+(J88<I88))*24*60 -> 0 | O88: =IF(H88=$V$5,$F$7,"") | S88: =IF($H88="ПЛАНОВЫЕ",$K88,0) -> 0 | T88: =IF($H88="ПРОИЗВОДСТВЕННЫЕ",$K88,0) -> 0 | U88: =IF($H88="ТЕХНИЧЕСКИЕ",$K88,0) -> 0 | V88: =IF($H88="ТЕХНОЛОГИЧЕСКИЕ",$K88,0) -> 0 | W88: =IF($H88="ЛАБОРАТОРНЫЕ",$K88,0) -> 0 | X88: =IF($H88="СЫРЬЕВЫЕ",$K88,0) -> 0 | Y88: =IF($H88="ЛОГИСТИЧЕСКИЕ",$K88,0) -> 0 | Z88: =IF($H88="ОБЩЕЗАВОДСКИЕ",$K88,0) -> 0
B89: =C88 -> 0.33333333 | C89: =B89+1/24 -> 0.375 | K89: =(J89-I89+(J89<I89))*24*60 -> 0 | O89: =IF(H89=$V$5,$F$7,"") | S89: =IF($H89="ПЛАНОВЫЕ",$K89,0) -> 0 | T89: =IF($H89="ПРОИЗВОДСТВЕННЫЕ",$K89,0) -> 0 | U89: =IF($H89="ТЕХНИЧЕСКИЕ",$K89,0) -> 0 | V89: =IF($H89="ТЕХНОЛОГИЧЕСКИЕ",$K89,0) -> 0 | W89: =IF($H89="ЛАБОРАТОРНЫЕ",$K89,0) -> 0 | X89: =IF($H89="СЫРЬЕВЫЕ",$K89,0) -> 0 | Y89: =IF($H89="ЛОГИСТИЧЕСКИЕ",$K89,0) -> 0 | Z89: =IF($H89="ОБЩЕЗАВОДСКИЕ",$K89,0) -> 0
B90: =C89 -> 0.375 | C90: =B90+1/24 -> 0.41666667 | K90: =(J90-I90+(J90<I90))*24*60 -> 0 | O90: =IF(H90=$V$5,$F$7,"") | S90: =IF($H90="ПЛАНОВЫЕ",$K90,0) -> 0 | T90: =IF($H90="ПРОИЗВОДСТВЕННЫЕ",$K90,0) -> 0 | U90: =IF($H90="ТЕХНИЧЕСКИЕ",$K90,0) -> 0 | V90: =IF($H90="ТЕХНОЛОГИЧЕСКИЕ",$K90,0) -> 0 | W90: =IF($H90="ЛАБОРАТОРНЫЕ",$K90,0) -> 0 | X90: =IF($H90="СЫРЬЕВЫЕ",$K90,0) -> 0 | Y90: =IF($H90="ЛОГИСТИЧЕСКИЕ",$K90,0) -> 0 | Z90: =IF($H90="ОБЩЕЗАВОДСКИЕ",$K90,0) -> 0
B91: =C90 -> 0.41666667 | C91: =B91+1/24 -> 0.45833333 | K91: =(J91-I91+(J91<I91))*24*60 -> 0 | O91: =IF(H91=$V$5,$F$7,"") | S91: =IF($H91="ПЛАНОВЫЕ",$K91,0) -> 0 | T91: =IF($H91="ПРОИЗВОДСТВЕННЫЕ",$K91,0) -> 0 | U91: =IF($H91="ТЕХНИЧЕСКИЕ",$K91,0) -> 0 | V91: =IF($H91="ТЕХНОЛОГИЧЕСКИЕ",$K91,0) -> 0 | W91: =IF($H91="ЛАБОРАТОРНЫЕ",$K91,0) -> 0 | X91: =IF($H91="СЫРЬЕВЫЕ",$K91,0) -> 0 | Y91: =IF($H91="ЛОГИСТИЧЕСКИЕ",$K91,0) -> 0 | Z91: =IF($H91="ОБЩЕЗАВОДСКИЕ",$K91,0) -> 0
A92: =A41 -> 0 | K92: =(J92-I92+(J92<I92))*24*60 -> 0 | O92: =IF(H92=$V$5,$F$7,"") | S92: =IF($H92="ПЛАНОВЫЕ",$K92,0) -> 0 | T92: =IF($H92="ПРОИЗВОДСТВЕННЫЕ",$K92,0) -> 0 | U92: =IF($H92="ТЕХНИЧЕСКИЕ",$K92,0) -> 0 | V92: =IF($H92="ТЕХНОЛОГИЧЕСКИЕ",$K92,0) -> 0 | W92: =IF($H92="ЛАБОРАТОРНЫЕ",$K92,0) -> 0 | X92: =IF($H92="СЫРЬЕВЫЕ",$K92,0) -> 0 | Y92: =IF($H92="ЛОГИСТИЧЕСКИЕ",$K92,0) -> 0 | Z92: =IF($H92="ОБЩЕЗАВОДСКИЕ",$K92,0) -> 0
K93: =(J93-I93+(J93<I93))*24*60 -> 0 | O93: =IF(H93=$V$5,$F$7,"") | S93: =IF($H93="ПЛАНОВЫЕ",$K93,0) -> 0 | T93: =IF($H93="ПРОИЗВОДСТВЕННЫЕ",$K93,0) -> 0 | U93: =IF($H93="ТЕХНИЧЕСКИЕ",$K93,0) -> 0 | V93: =IF($H93="ТЕХНОЛОГИЧЕСКИЕ",$K93,0) -> 0 | W93: =IF($H93="ЛАБОРАТОРНЫЕ",$K93,0) -> 0 | X93: =IF($H93="СЫРЬЕВЫЕ",$K93,0) -> 0 | Y93: =IF($H93="ЛОГИСТИЧЕСКИЕ",$K93,0) -> 0 | Z93: =IF($H93="ОБЩЕЗАВОДСКИЕ",$K93,0) -> 0
K94: =(J94-I94+(J94<I94))*24*60 -> 0 | O94: =IF(H94=$V$5,$F$7,"") | S94: =IF($H94="ПЛАНОВЫЕ",$K94,0) -> 0 | T94: =IF($H94="ПРОИЗВОДСТВЕННЫЕ",$K94,0) -> 0 | U94: =IF($H94="ТЕХНИЧЕСКИЕ",$K94,0) -> 0 | V94: =IF($H94="ТЕХНОЛОГИЧЕСКИЕ",$K94,0) -> 0 | W94: =IF($H94="ЛАБОРАТОРНЫЕ",$K94,0) -> 0 | X94: =IF($H94="СЫРЬЕВЫЕ",$K94,0) -> 0 | Y94: =IF($H94="ЛОГИСТИЧЕСКИЕ",$K94,0) -> 0 | Z94: =IF($H94="ОБЩЕЗАВОДСКИЕ",$K94,0) -> 0
K95: =(J95-I95+(J95<I95))*24*60 -> 0 | O95: =IF(H95=$V$5,$F$7,"") | S95: =IF($H95="ПЛАНОВЫЕ",$K95,0) -> 0 | T95: =IF($H95="ПРОИЗВОДСТВЕННЫЕ",$K95,0) -> 0 | U95: =IF($H95="ТЕХНИЧЕСКИЕ",$K95,0) -> 0 | V95: =IF($H95="ТЕХНОЛОГИЧЕСКИЕ",$K95,0) -> 0 | W95: =IF($H95="ЛАБОРАТОРНЫЕ",$K95,0) -> 0 | X95: =IF($H95="СЫРЬЕВЫЕ",$K95,0) -> 0 | Y95: =IF($H95="ЛОГИСТИЧЕСКИЕ",$K95,0) -> 0 | Z95: =IF($H95="ОБЩЕЗАВОДСКИЕ",$K95,0) -> 0
K96: =(J96-I96+(J96<I96))*24*60 -> 0 | O96: =IF(H96=$V$5,$F$7,"") | S96: =IF($H96="ПЛАНОВЫЕ",$K96,0) -> 0 | T96: =IF($H96="ПРОИЗВОДСТВЕННЫЕ",$K96,0) -> 0 | U96: =IF($H96="ТЕХНИЧЕСКИЕ",$K96,0) -> 0 | V96: =IF($H96="ТЕХНОЛОГИЧЕСКИЕ",$K96,0) -> 0 | W96: =IF($H96="ЛАБОРАТОРНЫЕ",$K96,0) -> 0 | X96: =IF($H96="СЫРЬЕВЫЕ",$K96,0) -> 0 | Y96: =IF($H96="ЛОГИСТИЧЕСКИЕ",$K96,0) -> 0 | Z96: =IF($H96="ОБЩЕЗАВОДСКИЕ",$K96,0) -> 0
K97: =(J97-I97+(J97<I97))*24*60 -> 0 | O97: =IF(H97=$V$5,$F$7,"") | S97: =IF($H97="ПЛАНОВЫЕ",$K97,0) -> 0 | T97: =IF($H97="ПРОИЗВОДСТВЕННЫЕ",$K97,0) -> 0 | U97: =IF($H97="ТЕХНИЧЕСКИЕ",$K97,0) -> 0 | V97: =IF($H97="ТЕХНОЛОГИЧЕСКИЕ",$K97,0) -> 0 | W97: =IF($H97="ЛАБОРАТОРНЫЕ",$K97,0) -> 0 | X97: =IF($H97="СЫРЬЕВЫЕ",$K97,0) -> 0 | Y97: =IF($H97="ЛОГИСТИЧЕСКИЕ",$K97,0) -> 0 | Z97: =IF($H97="ОБЩЕЗАВОДСКИЕ",$K97,0) -> 0
K98: =(J98-I98+(J98<I98))*24*60 -> 0 | O98: =IF(H98=$V$5,$F$7,"") | S98: =IF($H98="ПЛАНОВЫЕ",$K98,0) -> 0 | T98: =IF($H98="ПРОИЗВОДСТВЕННЫЕ",$K98,0) -> 0 | U98: =IF($H98="ТЕХНИЧЕСКИЕ",$K98,0) -> 0 | V98: =IF($H98="ТЕХНОЛОГИЧЕСКИЕ",$K98,0) -> 0 | W98: =IF($H98="ЛАБОРАТОРНЫЕ",$K98,0) -> 0 | X98: =IF($H98="СЫРЬЕВЫЕ",$K98,0) -> 0 | Y98: =IF($H98="ЛОГИСТИЧЕСКИЕ",$K98,0) -> 0 | Z98: =IF($H98="ОБЩЕЗАВОДСКИЕ",$K98,0) -> 0
K99: =(J99-I99+(J99<I99))*24*60 -> 0 | O99: =IF(H99=$V$5,$F$7,"") | S99: =IF($H99="ПЛАНОВЫЕ",$K99,0) -> 0 | T99: =IF($H99="ПРОИЗВОДСТВЕННЫЕ",$K99,0) -> 0 | U99: =IF($H99="ТЕХНИЧЕСКИЕ",$K99,0) -> 0 | V99: =IF($H99="ТЕХНОЛОГИЧЕСКИЕ",$K99,0) -> 0 | W99: =IF($H99="ЛАБОРАТОРНЫЕ",$K99,0) -> 0 | X99: =IF($H99="СЫРЬЕВЫЕ",$K99,0) -> 0 | Y99: =IF($H99="ЛОГИСТИЧЕСКИЕ",$K99,0) -> 0 | Z99: =IF($H99="ОБЩЕЗАВОДСКИЕ",$K99,0) -> 0
K100: =(J100-I100+(J100<I100))*24*60 -> 0 | O100: =IF(H100=$V$5,$F$7,"") | S100: =IF($H100="ПЛАНОВЫЕ",$K100,0) -> 0 | T100: =IF($H100="ПРОИЗВОДСТВЕННЫЕ",$K100,0) -> 0 | U100: =IF($H100="ТЕХНИЧЕСКИЕ",$K100,0) -> 0 | V100: =IF($H100="ТЕХНОЛОГИЧЕСКИЕ",$K100,0) -> 0 | W100: =IF($H100="ЛАБОРАТОРНЫЕ",$K100,0) -> 0 | X100: =IF($H100="СЫРЬЕВЫЕ",$K100,0) -> 0 | Y100: =IF($H100="ЛОГИСТИЧЕСКИЕ",$K100,0) -> 0 | Z100: =IF($H100="ОБЩЕЗАВОДСКИЕ",$K100,0) -> 0
K101: =(J101-I101+(J101<I101))*24*60 -> 0 | O101: =IF(H101=$V$5,$F$7,"") | S101: =IF($H101="ПЛАНОВЫЕ",$K101,0) -> 0 | T101: =IF($H101="ПРОИЗВОДСТВЕННЫЕ",$K101,0) -> 0 | U101: =IF($H101="ТЕХНИЧЕСКИЕ",$K101,0) -> 0 | V101: =IF($H101="ТЕХНОЛОГИЧЕСКИЕ",$K101,0) -> 0 | W101: =IF($H101="ЛАБОРАТОРНЫЕ",$K101,0) -> 0 | X101: =IF($H101="СЫРЬЕВЫЕ",$K101,0) -> 0 | Y101: =IF($H101="ЛОГИСТИЧЕСКИЕ",$K101,0) -> 0 | Z101: =IF($H101="ОБЩЕЗАВОДСКИЕ",$K101,0) -> 0
K102: =(J102-I102+(J102<I102))*24*60 -> 0 | O102: =IF(H102=$V$5,$F$7,"") | S102: =IF($H102="ПЛАНОВЫЕ",$K102,0) -> 0 | T102: =IF($H102="ПРОИЗВОДСТВЕННЫЕ",$K102,0) -> 0 | U102: =IF($H102="ТЕХНИЧЕСКИЕ",$K102,0) -> 0 | V102: =IF($H102="ТЕХНОЛОГИЧЕСКИЕ",$K102,0) -> 0 | W102: =IF($H102="ЛАБОРАТОРНЫЕ",$K102,0) -> 0 | X102: =IF($H102="СЫРЬЕВЫЕ",$K102,0) -> 0 | Y102: =IF($H102="ЛОГИСТИЧЕСКИЕ",$K102,0) -> 0 | Z102: =IF($H102="ОБЩЕЗАВОДСКИЕ",$K102,0) -> 0
A103: =A42 -> 0 | K103: =(J103-I103+(J103<I103))*24*60 -> 0 | O103: =IF(H103=$V$5,$F$7,"") | S103: =IF($H103="ПЛАНОВЫЕ",$K103,0) -> 0 | T103: =IF($H103="ПРОИЗВОДСТВЕННЫЕ",$K103,0) -> 0 | U103: =IF($H103="ТЕХНИЧЕСКИЕ",$K103,0) -> 0 | V103: =IF($H103="ТЕХНОЛОГИЧЕСКИЕ",$K103,0) -> 0 | W103: =IF($H103="ЛАБОРАТОРНЫЕ",$K103,0) -> 0 | X103: =IF($H103="СЫРЬЕВЫЕ",$K103,0) -> 0 | Y103: =IF($H103="ЛОГИСТИЧЕСКИЕ",$K103,0) -> 0 | Z103: =IF($H103="ОБЩЕЗАВОДСКИЕ",$K103,0) -> 0
K104: =(J104-I104+(J104<I104))*24*60 -> 0 | O104: =IF(H104=$V$5,$F$7,"") | S104: =IF($H104="ПЛАНОВЫЕ",$K104,0) -> 0 | T104: =IF($H104="ПРОИЗВОДСТВЕННЫЕ",$K104,0) -> 0 | U104: =IF($H104="ТЕХНИЧЕСКИЕ",$K104,0) -> 0 | V104: =IF($H104="ТЕХНОЛОГИЧЕСКИЕ",$K104,0) -> 0 | W104: =IF($H104="ЛАБОРАТОРНЫЕ",$K104,0) -> 0 | X104: =IF($H104="СЫРЬЕВЫЕ",$K104,0) -> 0 | Y104: =IF($H104="ЛОГИСТИЧЕСКИЕ",$K104,0) -> 0 | Z104: =IF($H104="ОБЩЕЗАВОДСКИЕ",$K104,0) -> 0
K105: =(J105-I105+(J105<I105))*24*60 -> 0 | O105: =IF(H105=$V$5,$F$7,"") | S105: =IF($H105="ПЛАНОВЫЕ",$K105,0) -> 0 | T105: =IF($H105="ПРОИЗВОДСТВЕННЫЕ",$K105,0) -> 0 | U105: =IF($H105="ТЕХНИЧЕСКИЕ",$K105,0) -> 0 | V105: =IF($H105="ТЕХНОЛОГИЧЕСКИЕ",$K105,0) -> 0 | W105: =IF($H105="ЛАБОРАТОРНЫЕ",$K105,0) -> 0 | X105: =IF($H105="СЫРЬЕВЫЕ",$K105,0) -> 0 | Y105: =IF($H105="ЛОГИСТИЧЕСКИЕ",$K105,0) -> 0 | Z105: =IF($H105="ОБЩЕЗАВОДСКИЕ",$K105,0) -> 0
K106: =(J106-I106+(J106<I106))*24*60 -> 0 | O106: =IF(H106=$V$5,$F$7,"") | S106: =IF($H106="ПЛАНОВЫЕ",$K106,0) -> 0 | T106: =IF($H106="ПРОИЗВОДСТВЕННЫЕ",$K106,0) -> 0 | U106: =IF($H106="ТЕХНИЧЕСКИЕ",$K106,0) -> 0 | V106: =IF($H106="ТЕХНОЛОГИЧЕСКИЕ",$K106,0) -> 0 | W106: =IF($H106="ЛАБОРАТОРНЫЕ",$K106,0) -> 0 | X106: =IF($H106="СЫРЬЕВЫЕ",$K106,0) -> 0 | Y106: =IF($H106="ЛОГИСТИЧЕСКИЕ",$K106,0) -> 0 | Z106: =IF($H106="ОБЩЕЗАВОДСКИЕ",$K106,0) -> 0
K107: =(J107-I107+(J107<I107))*24*60 -> 0 | O107: =IF(H107=$V$5,$F$7,"") | S107: =IF($H107="ПЛАНОВЫЕ",$K107,0) -> 0 | T107: =IF($H107="ПРОИЗВОДСТВЕННЫЕ",$K107,0) -> 0 | U107: =IF($H107="ТЕХНИЧЕСКИЕ",$K107,0) -> 0 | V107: =IF($H107="ТЕХНОЛОГИЧЕСКИЕ",$K107,0) -> 0 | W107: =IF($H107="ЛАБОРАТОРНЫЕ",$K107,0) -> 0 | X107: =IF($H107="СЫРЬЕВЫЕ",$K107,0) -> 0 | Y107: =IF($H107="ЛОГИСТИЧЕСКИЕ",$K107,0) -> 0 | Z107: =IF($H107="ОБЩЕЗАВОДСКИЕ",$K107,0) -> 0
K108: =(J108-I108+(J108<I108))*24*60 -> 0 | O108: =IF(H108=$V$5,$F$7,"") | S108: =IF($H108="ПЛАНОВЫЕ",$K108,0) -> 0 | T108: =IF($H108="ПРОИЗВОДСТВЕННЫЕ",$K108,0) -> 0 | U108: =IF($H108="ТЕХНИЧЕСКИЕ",$K108,0) -> 0 | V108: =IF($H108="ТЕХНОЛОГИЧЕСКИЕ",$K108,0) -> 0 | W108: =IF($H108="ЛАБОРАТОРНЫЕ",$K108,0) -> 0 | X108: =IF($H108="СЫРЬЕВЫЕ",$K108,0) -> 0 | Y108: =IF($H108="ЛОГИСТИЧЕСКИЕ",$K108,0) -> 0 | Z108: =IF($H108="ОБЩЕЗАВОДСКИЕ",$K108,0) -> 0
K109: =(J109-I109+(J109<I109))*24*60 -> 0 | O109: =IF(H109=$V$5,$F$7,"") | S109: =IF($H109="ПЛАНОВЫЕ",$K109,0) -> 0 | T109: =IF($H109="ПРОИЗВОДСТВЕННЫЕ",$K109,0) -> 0 | U109: =IF($H109="ТЕХНИЧЕСКИЕ",$K109,0) -> 0 | V109: =IF($H109="ТЕХНОЛОГИЧЕСКИЕ",$K109,0) -> 0 | W109: =IF($H109="ЛАБОРАТОРНЫЕ",$K109,0) -> 0 | X109: =IF($H109="СЫРЬЕВЫЕ",$K109,0) -> 0 | Y109: =IF($H109="ЛОГИСТИЧЕСКИЕ",$K109,0) -> 0 | Z109: =IF($H109="ОБЩЕЗАВОДСКИЕ",$K109,0) -> 0
...

Sheet 4
A1: Сменный отчет выпуска продукции
A2: Линия розлива № 3 - 0,75 л. - 1,0 л.
A3: Смена "Д" день с 08:00 по 20:00 | F3: Сутки план/факт | G3: =SUM(J21:J32)+SUM(J136:J147) -> 84033.333 | H3: =SUM(K21:K32)+SUM(K136:K147) -> 55396 | I3: паспортная скорость | J3: 4600 | K3: Время смены | L3: 720 | V3: плановые
A4: Должность | F4: ФИО ответственного | I4: Рабочее место оператора | K4: ФИО оператора | N4: Поля для заполнения | V4: производственные
A5: Начальник смены | F5: Ахмедов | I5: Депаллетайзер | K5: Петелинаа | O5: ФИКСИРОВАННЫЕ ПОЛЯ, НЕ ЗАПОЛНЯТЬ | V5: технические
A6: Мастер | F6: Игнатова | I6: Розлив, укупор | K6: Чекулаев | V6: технологические
A7: Контролер | F7: Никишова | I7: Этикетировочный автомат | K7: Селуянова | O7: ПОЛЯ ДЛЯ ЗАПОЛНЕНИЯ МАСТЕРОМ | V7: лабораторные
A8: Наладчик оборудования | F8: Чекулаев | I8: Термоупаковщик | K8: Костиков | V8: сырьевые
A9: Наладчик оборудования | F9: Лугов | V9: логистические
A14: ИТОГОВЫЙ РЕЗУЛЬТАТ РАБОТЫ СМЕНЫ (ВЫЧИСЛЯЕТСЯ АВТОМАТИЧЕСКИ) | N14: ПРОСТОИ (ВЫЧИСЛЯЕТСЯ АВТОМАТИЧЕСКИ) | V14: общезаводские
A15: НАИМЕНОВАНИЕ НАПИТКА | B15: Время начала производства | C15: Время окончания производства | D15: Время работы смены | E15: Плановая производительность | F15: Приведенное продуктивное время | G15: Эффективность от паспортной скорости % | H15: Вычитаемые простои (плановые, общезаводские) | I15: Условные простои (Необоснованные потери), мин | J15: Расчетная плановая производительность с учетом вычитаемых простоев | K15: Фактическая производительность за смену | L15: Выполнение сменного задания %, невыполнение -, перевыполнение + | N15: Вид Простоя | P15: Длительность, час | V15: Итого
N19: ПЛАНОВЫЕ | P19: =SUM(S47:S58) -> 50 | Q19: =SUM(S59:S69) -> 0 | R19: =SUM(S70:S80) -> 0 | S19: =SUM(S81:S91) -> 0 | T19: =SUM(S92:S102) -> 0 | U19: =SUM(S103:S113) -> 0 | V19: =P19+Q19+R19+S19+T19+U19 -> 50
D20: [мин] | E20: [шт./час] | F20: [мин] | H20: [мин] | J20: [шт./смену] | K20: [шт./смену] | L20: % | N20: ПРОИЗВОДСТВЕННЫЕ | P20: =SUM(T46:T57) -> 15 | Q20: =SUM(T58:T68) -> 0 | R20: =SUM(T69:T79) -> 0 | S20: =SUM(T80:T90) -> 0 | T20: =SUM(T91:T101) -> 0 | U20: =SUM(T102:T112) -> 0 | V20: =P20+Q20+R20+S20+T20+U20 -> 15
A21: =A37 -> Морковь МД 0,75 | B21: 0.33333333 | C21: 0.83333333 | D21: =(C21-B21+(C21<B21))*24*60 -> 720 | E21: 4600 | F21: =IF(E21=0,0,(F37/J3*60)) -> 410.43913 | G21: =IF($K21=0,0,(K21*100)/(D21*$J$3/60)) -> 57.005435 | H21: =P19+P26 -> 50 | I21: =D21-F21-P27 -> 59.56087 | J21: =(D21-H21)/60*E21 -> 51366.667 | K21: =F37 -> 31467 | L21: =IF($K21=0,0,K21/J21) -> 0.61259572 | N21: ТЕХНИЧЕСКИЕ | P21: =SUM(U46:U57) -> 185 | Q21: =SUM(U58:U68) -> 0 | R21: =SUM(U69:U79) -> 0 | S21: =SUM(U80:U90) -> 0 | T21: =SUM(U91:U101) -> 0 | U21: =SUM(U102:U112) -> 0 | V21: =P21+Q21+R21+S21+T21+U21 -> 185
L22: =K21-J21 -> -19899.667 | N22: ТЕХНОЛОГИЧЕСКИЕ | P22: =SUM(V46:V57) -> 0 | Q22: =SUM(V58:V68) -> 0 | R22: =SUM(V69:V79) -> 0 | S22: =SUM(V80:V90) -> 0 | T22: =SUM(V91:V101) -> 0 | U22: =SUM(V102:V112) -> 0 | V22: =P22+Q22+R22+S22+T22+U22 -> 0
A23: =A38 -> 0 | D23: =(C23-B23+(C23<B23))*24*60 -> 0 | F23: =IF(E23=0,0,(F38/J3*60)) -> 0 | G23: =IF($K23=0,0,(K23*100)/(D23*$J$3/60)) -> 0 | H23: =Q19+Q26 -> 0 | I23: =D23-F23-Q27 -> 0 | J23: =(D23-H23)/60*E23 -> 0 | K23: =F38 -> 0 | L23: =IF($K23=0,0,K23/J23) -> 0 | N23: ЛАБОРАТОРНЫЕ | P23: =SUM(W46:W57) -> 0 | Q23: =SUM(W58:W68) -> 0 | R23: =SUM(W69:W79) -> 0 | S23: =SUM(W80:W90) -> 0 | T23: =SUM(W91:W101) -> 0 | U23: =SUM(W102:W112) -> 0 | V23: =P23+Q23+R23+S23+T23+U23 -> 0
L24: =K23-J23 -> 0 | N24: СЫРЬЕВЫЕ | P24: =SUM(X46:X57) -> 0 | Q24: =SUM(X58:X68) -> 0 | R24: =SUM(X69:X79) -> 0 | S24: =SUM(X80:X90) -> 0 | T24: =SUM(X91:X101) -> 0 | U24: =SUM(X102:X112) -> 0 | V24: =P24+Q24+R24+S24+T24+U24 -> 0
A25: =A39 -> 0 | D25: =(C25-B25+(C25<B25))*24*60 -> 0 | F25: =IF(E25=0,0,(F39/J3*60)) -> 0 | G25: =IF($K25=0,0,(K25*100)/(D25*$J$3/60)) -> 0 | H25: =R19+R26 -> 0 | I25: =D25-F25-R27 -> 0 | J25: =(D25-H25)/60*E25 -> 0 | K25: =F39 -> 0 | L25: =IF($K25=0,0,K25/J25) -> 0 | N25: ЛОГИСТИЧЕСКИЕ | P25: =SUM(Y46:Y57) -> 0 | Q25: =SUM(Y58:Y68) -> 0 | R25: =SUM(Y69:Y79) -> 0 | S25: =SUM(Y80:Y90) -> 0 | T25: =SUM(Y91:Y101) -> 0 | U25: =SUM(Y102:Y112) -> 0 | V25: =P25+Q25+R25+S25+T25+U25 -> 0
L26: =K25-J25 -> 0 | N26: ОБЩЕЗАВОДСКИЕ | P26: =SUM(Z46:Z57) -> 0 | Q26: =SUM(Z58:Z68) -> 0 | R26: =SUM(Z69:Z79) -> 0 | S26: =SUM(Z80:Z90) -> 0 | T26: =SUM(Z91:Z101) -> 0 | U26: =SUM(Z102:Z112) -> 0 | V26: =P26+Q26+R26+S26+T26+U26 -> 0
A27: =A40 -> 0 | D27: =(C27-B27+(C27<B27))*24*60 -> 0 | F27: =IF(E27=0,0,(F40/J3*60)) -> 0 | G27: =IF($K27=0,0,(K27*100)/(D27*$J$3/60)) -> 0 | H27: =S19+S26 -> 0 | I27: =D27-F27-S27 -> 0 | J27: =(D27-H27)/60*E27 -> 0 | K27: =F40 -> 0 | L27: =IF($K27=0,0,K27/J27) -> 0 | N27: ИТОГО | P27: =SUM(P18:P26) -> 250 | Q27: =SUM(Q18:Q26) -> 0 | R27: =SUM(R18:R26) -> 0 | S27: =SUM(S18:S26) -> 0 | T27: =SUM(T18:T26) -> 0 | U27: =SUM(U18:U26) -> 0 | V27: =P27+Q27+R27+S27+T27+U27 -> 250
L28: =K27-J27 -> 0
A29: =A41 -> 0 | D29: =(C29-B29+(C29<B29))*24*60 -> 0 | F29: =IF(E29=0,0,(F41/J3*60)) -> 0 | G29: =IF($K29=0,0,(K29*100)/(D29*$J$3/60)) -> 0 | H29: =T19+T26 -> 0 | I29: =D29-F29-T27 -> 0 | J29: =(D29-H29)/60*E29 -> 0 | K29: =F41 -> 0 | L29: =IF($K29=0,0,K29/J29) -> 0
L30: =K29-J29 -> 0
A31: =A42 -> 0 | D31: =(C31-B31+(C31<B31))*24*60 -> 0 | F31: =IF(E31=0,0,(F42/J3*60)) -> 0 | G31: =IF($K31=0,0,(K31*100)/(D31*$J$3/60)) -> 0 | H31: =U19+U26 -> 0 | I31: =D31-F31-U27 -> 0 | J31: =(D31-H31)/60*E31 -> 0 | K31: =F42 -> 0 | L31: =IF($K31=0,0,K31/J31) -> 0
L32: =K31-J31 -> 0
A33: НАИМЕНОВАНИЕ И КОЛИЧЕСТВО ПРОИЗВЕДЕННОЙ ПРОДУКЦИИ (ЗАПОЛНЯЕТСЯ МАСТЕРОМ) | J33: Итого план | K33: Итого факт | L33: =IF($K34=0,0,K34/J34) -> 0.61259572
J34: =J21+J23+J25+J27+J29+J31 -> 51366.667 | K34: =K21+K23+K25+K27+K29+K31 -> 31467
A35: Наименование продукции, формат | F35: Выпуск по счетчику | G35: Сдано на склад ГП | L35: Средний коэффициент по смене
A37: Морковь МД 0,75 | F37: 31467 | G37: 32508 | K37: =G37 -> 32508
K38: =G38 -> 0
K39: =G39 -> 0
K40: =G40 -> 0
K41: =G41 -> 0
K42: =G42 -> 0
A43: ИТОГО СДАНО НА СКЛАД ПРОДУКЦИИ | K43: =SUM(K37:K42) -> 32508 | L43: =SUM(L38+L38) -> 0
A45: Наименование продукции, формат | B45: Время, час | D45: Объем производства, шт | E45: Автомат | F45: Описание простоя, причины | H45: Вид простоя | I45: Период простоя | K45: Время (мин) | L45: Корректирующие мероприятия | O45: Ответственный | P45: Сроки | Q45: Статус выполнения | S45: ПРОСТОИ
I46: Начало | J46: Конец | S46: ПЛАНОВЫЕ | T46: ПРОИЗВОДСТВЕННЫЕ | U46: ТЕХНИЧЕСКИЕ | V46: ТЕХНОЛОГИЧЕСКИЕ | W46: ЛАБОРАТОРНЫЕ | X46: СЫРЬЕВЫЕ | Y46: ЛОГИСТИЧЕСКИЕ | Z46: ОБЩЕЗАВОДСКИЕ
A47: =A37 -> Морковь МД 0,75 | B47: =B21 -> 0.33333333 | C47: =B47+1/24 -> 0.375 | F47: Смена этикетки (общее) | H47: плановые | I47: 0.33333333 | J47: 0.34027778 | K47: =(J47-I47+(J47<I47))*24*60 -> 10 | O47: =IF(H47=$V$5,$F$7,"") | S47: =IF($H47="ПЛАНОВЫЕ",$K47,0) -> 10 | T47: =IF($H47="ПРОИЗВОДСТВЕННЫЕ",$K47,0) -> 0 | U47: =IF($H47="ТЕХНИЧЕСКИЕ",$K47,0) -> 0 | V47: =IF($H47="ТЕХНОЛОГИЧЕСКИЕ",$K47,0) -> 0 | W47: =IF($H47="ЛАБОРАТОРНЫЕ",$K47,0) -> 0 | X47: =IF($H47="СЫРЬЕВЫЕ",$K47,0) -> 0 | Y47: =IF($H47="ЛОГИСТИЧЕСКИЕ",$K47,0) -> 0 | Z47: =IF($H47="ОБЩЕЗАВОДСКИЕ",$K47,0) -> 0
B48: =C47 -> 0.375 | C48: =B48+1/24 -> 0.41666667 | F48: Смена пленки (общее) | H48: плановые | I48: 0.34027778 | J48: 0.34722222 | K48: =(J48-I48+(J48<I48))*24*60 -> 10 | O48: =IF(H48=$V$5,$F$7,"") | S48: =IF($H48="ПЛАНОВЫЕ",$K48,0) -> 10 | T48: =IF($H48="ПРОИЗВОДСТВЕННЫЕ",$K48,0) -> 0 | U48: =IF($H48="ТЕХНИЧЕСКИЕ",$K48,0) -> 0 | V48: =IF($H48="ТЕХНОЛОГИЧЕСКИЕ",$K48,0) -> 0 | W48: =IF($H48="ЛАБОРАТОРНЫЕ",$K48,0) -> 0 | X48: =IF($H48="СЫРЬЕВЫЕ",$K48,0) -> 0 | Y48: =IF($H48="ЛОГИСТИЧЕСКИЕ",$K48,0) -> 0 | Z48: =IF($H48="ОБЩЕЗАВОДСКИЕ",$K48,0) -> 0
B49: =C48 -> 0.41666667 | C49: =B49+1/24 -> 0.45833333 | F49: Настройка ЧЗ (общее) | H49: плановые | I49: 0.34722222 | J49: 0.36805556 | K49: =(J49-I49+(J49<I49))*24*60 -> 30 | O49: =IF(H49=$V$5,$F$7,"") | S49: =IF($H49="ПЛАНОВЫЕ",$K49,0) -> 30 | T49: =IF($H49="ПРОИЗВОДСТВЕННЫЕ",$K49,0) -> 0 | U49: =IF($H49="ТЕХНИЧЕСКИЕ",$K49,0) -> 0 | V49: =IF($H49="ТЕХНОЛОГИЧЕСКИЕ",$K49,0) -> 0 | W49: =IF($H49="ЛАБОРАТОРНЫЕ",$K49,0) -> 0 | X49: =IF($H49="СЫРЬЕВЫЕ",$K49,0) -> 0 | Y49: =IF($H49="ЛОГИСТИЧЕСКИЕ",$K49,0) -> 0 | Z49: =IF($H49="ОБЩЕЗАВОДСКИЕ",$K49,0) -> 0
B50: =C49 -> 0.45833333 | C50: =B50+1/24 -> 0.5 | F50: Настройка упаковщика | H50: технические | I50: 0.41666667 | J50: 0.43055556 | K50: =(J50-I50+(J50<I50))*24*60 -> 20 | L50: Настройка выдачи лотка | O50: =IF(H50=$V$5,$F$7,"") -> Никишова | S50: =IF($H50="ПЛАНОВЫЕ",$K50,0) -> 0 | T50: =IF($H50="ПРОИЗВОДСТВЕННЫЕ",$K50,0) -> 0 | U50: =IF($H50="ТЕХНИЧЕСКИЕ",$K50,0) -> 20 | V50: =IF($H50="ТЕХНОЛОГИЧЕСКИЕ",$K50,0) -> 0 | W50: =IF($H50="ЛАБОРАТОРНЫЕ",$K50,0) -> 0 | X50: =IF($H50="СЫРЬЕВЫЕ",$K50,0) -> 0 | Y50: =IF($H50="ЛОГИСТИЧЕСКИЕ",$K50,0) -> 0 | Z50: =IF($H50="ОБЩЕЗАВОДСКИЕ",$K50,0) -> 0
B51: =C50 -> 0.5 | C51: =B51+1/24 -> 0.54166667 | F51: Бой тары | H51: производственные | I51: 0.44444444 | J51: 0.45486111 | K51: =(J51-I51+(J51<I51))*24*60 -> 15 | L51: На упаковщике (уборка боя) | O51: =IF(H51=$V$5,$F$7,"") | S51: =IF($H51="ПЛАНОВЫЕ",$K51,0) -> 0 | T51: =IF($H51="ПРОИЗВОДСТВЕННЫЕ",$K51,0) -> 15 | U51: =IF($H51="ТЕХНИЧЕСКИЕ",$K51,0) -> 0 | V51: =IF($H51="ТЕХНОЛОГИЧЕСКИЕ",$K51,0) -> 0 | W51: =IF($H51="ЛАБОРАТОРНЫЕ",$K51,0) -> 0 | X51: =IF($H51="СЫРЬЕВЫЕ",$K51,0) -> 0 | Y51: =IF($H51="ЛОГИСТИЧЕСКИЕ",$K51,0) -> 0 | Z51: =IF($H51="ОБЩЕЗАВОДСКИЕ",$K51,0) -> 0
B52: =C51 -> 0.54166667 | C52: =B52+1/24 -> 0.58333333 | F52: Настройка этикетировщика | H52: технические | I52: 0.5 | J52: 0.51041667 | K52: =(J52-I52+(J52<I52))*24*60 -> 15 | L52: Замятие,настройка растояния | O52: =IF(H52=$V$5,$F$7,"") -> Никишова | S52: =IF($H52="ПЛАНОВЫЕ",$K52,0) -> 0 | T52: =IF($H52="ПРОИЗВОДСТВЕННЫЕ",$K52,0) -> 0 | U52: =IF($H52="ТЕХНИЧЕСКИЕ",$K52,0) -> 15 | V52: =IF($H52="ТЕХНОЛОГИЧЕСКИЕ",$K52,0) -> 0 | W52: =IF($H52="ЛАБОРАТОРНЫЕ",$K52,0) -> 0 | X52: =IF($H52="СЫРЬЕВЫЕ",$K52,0) -> 0 | Y52: =IF($H52="ЛОГИСТИЧЕСКИЕ",$K52,0) -> 0 | Z52: =IF($H52="ОБЩЕЗАВОДСКИЕ",$K52,0) -> 0
B53: =C52 -> 0.58333333 | C53: =B53+1/24 -> 0.625 | F53: Настройка этикетировщика | H53: технические | I53: 0.70833333 | J53: 0.8125 | K53: =(J53-I53+(J53<I53))*24*60 -> 150 | L53: Замена сервопривода шнека | O53: =IF(H53=$V$5,$F$7,"") -> Никишова | S53: =IF($H53="ПЛАНОВЫЕ",$K53,0) -> 0 | T53: =IF($H53="ПРОИЗВОДСТВЕННЫЕ",$K53,0) -> 0 | U53: =IF($H53="ТЕХНИЧЕСКИЕ",$K53,0) -> 150 | V53: =IF($H53="ТЕХНОЛОГИЧЕСКИЕ",$K53,0) -> 0 | W53: =IF($H53="ЛАБОРАТОРНЫЕ",$K53,0) -> 0 | X53: =IF($H53="СЫРЬЕВЫЕ",$K53,0) -> 0 | Y53: =IF($H53="ЛОГИСТИЧЕСКИЕ",$K53,0) -> 0 | Z53: =IF($H53="ОБЩЕЗАВОДСКИЕ",$K53,0) -> 0
B54: =C53 -> 0.625 | C54: =B54+1/24 -> 0.66666667 | K54: =(J54-I54+(J54<I54))*24*60 -> 0 | O54: =IF(H54=$V$5,$F$7,"") | S54: =IF($H54="ПЛАНОВЫЕ",$K54,0) -> 0 | T54: =IF($H54="ПРОИЗВОДСТВЕННЫЕ",$K54,0) -> 0 | U54: =IF($H54="ТЕХНИЧЕСКИЕ",$K54,0) -> 0 | V54: =IF($H54="ТЕХНОЛОГИЧЕСКИЕ",$K54,0) -> 0 | W54: =IF($H54="ЛАБОРАТОРНЫЕ",$K54,0) -> 0 | X54: =IF($H54="СЫРЬЕВЫЕ",$K54,0) -> 0 | Y54: =IF($H54="ЛОГИСТИЧЕСКИЕ",$K54,0) -> 0 | Z54: =IF($H54="ОБЩЕЗАВОДСКИЕ",$K54,0) -> 0
B55: =C54 -> 0.66666667 | C55: =B55+1/24 -> 0.70833333 | K55: =(J55-I55+(J55<I55))*24*60 -> 0 | O55: =IF(H55=$V$5,$F$7,"") | S55: =IF($H55="ПЛАНОВЫЕ",$K55,0) -> 0 | T55: =IF($H55="ПРОИЗВОДСТВЕННЫЕ",$K55,0) -> 0 | U55: =IF($H55="ТЕХНИЧЕСКИЕ",$K55,0) -> 0 | V55: =IF($H55="ТЕХНОЛОГИЧЕСКИЕ",$K55,0) -> 0 | W55: =IF($H55="ЛАБОРАТОРНЫЕ",$K55,0) -> 0 | X55: =IF($H55="СЫРЬЕВЫЕ",$K55,0) -> 0 | Y55: =IF($H55="ЛОГИСТИЧЕСКИЕ",$K55,0) -> 0 | Z55: =IF($H55="ОБЩЕЗАВОДСКИЕ",$K55,0) -> 0
B56: =C55 -> 0.70833333 | C56: =B56+1/24 -> 0.75 | K56: =(J56-I56+(J56<I56))*24*60 -> 0 | O56: =IF(H56=$V$5,$F$7,"") | S56: =IF($H56="ПЛАНОВЫЕ",$K56,0) -> 0 | T56: =IF($H56="ПРОИЗВОДСТВЕННЫЕ",$K56,0) -> 0 | U56: =IF($H56="ТЕХНИЧЕСКИЕ",$K56,0) -> 0 | V56: =IF($H56="ТЕХНОЛОГИЧЕСКИЕ",$K56,0) -> 0 | W56: =IF($H56="ЛАБОРАТОРНЫЕ",$K56,0) -> 0 | X56: =IF($H56="СЫРЬЕВЫЕ",$K56,0) -> 0 | Y56: =IF($H56="ЛОГИСТИЧЕСКИЕ",$K56,0) -> 0 | Z56: =IF($H56="ОБЩЕЗАВОДСКИЕ",$K56,0) -> 0
B57: =C56 -> 0.75 | C57: =B57+1/24 -> 0.79166667 | K57: =(J57-I57+(J57<I57))*24*60 -> 0 | O57: =IF(H57=$V$5,$F$7,"") | S57: =IF($H57="ПЛАНОВЫЕ",$K57,0) -> 0 | T57: =IF($H57="ПРОИЗВОДСТВЕННЫЕ",$K57,0) -> 0 | U57: =IF($H57="ТЕХНИЧЕСКИЕ",$K57,0) -> 0 | V57: =IF($H57="ТЕХНОЛОГИЧЕСКИЕ",$K57,0) -> 0 | W57: =IF($H57="ЛАБОРАТОРНЫЕ",$K57,0) -> 0 | X57: =IF($H57="СЫРЬЕВЫЕ",$K57,0) -> 0 | Y57: =IF($H57="ЛОГИСТИЧЕСКИЕ",$K57,0) -> 0 | Z57: =IF($H57="ОБЩЕЗАВОДСКИЕ",$K57,0) -> 0
B58: =C57 -> 0.79166667 | C58: =B58+1/24 -> 0.83333333 | K58: =(J58-I58+(J58<I58))*24*60 -> 0 | O58: =IF(H58=$V$5,$F$7,"") | S58: =IF($H58="ПЛАНОВЫЕ",$K58,0) -> 0 | T58: =IF($H58="ПРОИЗВОДСТВЕННЫЕ",$K58,0) -> 0 | U58: =IF($H58="ТЕХНИЧЕСКИЕ",$K58,0) -> 0 | V58: =IF($H58="ТЕХНОЛОГИЧЕСКИЕ",$K58,0) -> 0 | W58: =IF($H58="ЛАБОРАТОРНЫЕ",$K58,0) -> 0 | X58: =IF($H58="СЫРЬЕВЫЕ",$K58,0) -> 0 | Y58: =IF($H58="ЛОГИСТИЧЕСКИЕ",$K58,0) -> 0 | Z58: =IF($H58="ОБЩЕЗАВОДСКИЕ",$K58,0) -> 0
A59: =A38 -> 0 | B59: =B23 -> 0 | C59: =B59+1/24 -> 0.041666667 | K59: =(J59-I59+(J59<I59))*24*60 -> 0 | O59: =IF(H59=$V$5,$F$7,"") | S59: =IF($H59="ПЛАНОВЫЕ",$K59,0) -> 0 | T59: =IF($H59="ПРОИЗВОДСТВЕННЫЕ",$K59,0) -> 0 | U59: =IF($H59="ТЕХНИЧЕСКИЕ",$K59,0) -> 0 | V59: =IF($H59="ТЕХНОЛОГИЧЕСКИЕ",$K59,0) -> 0 | W59: =IF($H59="ЛАБОРАТОРНЫЕ",$K59,0) -> 0 | X59: =IF($H59="СЫРЬЕВЫЕ",$K59,0) -> 0 | Y59: =IF($H59="ЛОГИСТИЧЕСКИЕ",$K59,0) -> 0 | Z59: =IF($H59="ОБЩЕЗАВОДСКИЕ",$K59,0) -> 0
B60: =C59 -> 0.041666667 | C60: =B60+1/24 -> 0.083333333 | K60: =(J60-I60+(J60<I60))*24*60 -> 0 | O60: =IF(H60=$V$5,$F$7,"") | S60: =IF($H60="ПЛАНОВЫЕ",$K60,0) -> 0 | T60: =IF($H60="ПРОИЗВОДСТВЕННЫЕ",$K60,0) -> 0 | U60: =IF($H60="ТЕХНИЧЕСКИЕ",$K60,0) -> 0 | V60: =IF($H60="ТЕХНОЛОГИЧЕСКИЕ",$K60,0) -> 0 | W60: =IF($H60="ЛАБОРАТОРНЫЕ",$K60,0) -> 0 | X60: =IF($H60="СЫРЬЕВЫЕ",$K60,0) -> 0 | Y60: =IF($H60="ЛОГИСТИЧЕСКИЕ",$K60,0) -> 0 | Z60: =IF($H60="ОБЩЕЗАВОДСКИЕ",$K60,0) -> 0
B61: =C60 -> 0.083333333 | C61: =B61+1/24 -> 0.125 | K61: =(J61-I61+(J61<I61))*24*60 -> 0 | O61: =IF(H61=$V$5,$F$7,"") | S61: =IF($H61="ПЛАНОВЫЕ",$K61,0) -> 0 | T61: =IF($H61="ПРОИЗВОДСТВЕННЫЕ",$K61,0) -> 0 | U61: =IF($H61="ТЕХНИЧЕСКИЕ",$K61,0) -> 0 | V61: =IF($H61="ТЕХНОЛОГИЧЕСКИЕ",$K61,0) -> 0 | W61: =IF($H61="ЛАБОРАТОРНЫЕ",$K61,0) -> 0 | X61: =IF($H61="СЫРЬЕВЫЕ",$K61,0) -> 0 | Y61: =IF($H61="ЛОГИСТИЧЕСКИЕ",$K61,0) -> 0 | Z61: =IF($H61="ОБЩЕЗАВОДСКИЕ",$K61,0) -> 0
B62: =C61 -> 0.125 | C62: =B62+1/24 -> 0.16666667 | K62: =(J62-I62+(J62<I62))*24*60 -> 0 | O62: =IF(H62=$V$5,$F$7,"") | S62: =IF($H62="ПЛАНОВЫЕ",$K62,0) -> 0 | T62: =IF($H62="ПРОИЗВОДСТВЕННЫЕ",$K62,0) -> 0 | U62: =IF($H62="ТЕХНИЧЕСКИЕ",$K62,0) -> 0 | V62: =IF($H62="ТЕХНОЛОГИЧЕСКИЕ",$K62,0) -> 0 | W62: =IF($H62="ЛАБОРАТОРНЫЕ",$K62,0) -> 0 | X62: =IF($H62="СЫРЬЕВЫЕ",$K62,0) -> 0 | Y62: =IF($H62="ЛОГИСТИЧЕСКИЕ",$K62,0) -> 0 | Z62: =IF($H62="ОБЩЕЗАВОДСКИЕ",$K62,0) -> 0
B63: =C62 -> 0.16666667 | C63: =B63+1/24 -> 0.20833333 | K63: =(J63-I63+(J63<I63))*24*60 -> 0 | O63: =IF(H63=$V$5,$F$7,"") | S63: =IF($H63="ПЛАНОВЫЕ",$K63,0) -> 0 | T63: =IF($H63="ПРОИЗВОДСТВЕННЫЕ",$K63,0) -> 0 | U63: =IF($H63="ТЕХНИЧЕСКИЕ",$K63,0) -> 0 | V63: =IF($H63="ТЕХНОЛОГИЧЕСКИЕ",$K63,0) -> 0 | W63: =IF($H63="ЛАБОРАТОРНЫЕ",$K63,0) -> 0 | X63: =IF($H63="СЫРЬЕВЫЕ",$K63,0) -> 0 | Y63: =IF($H63="ЛОГИСТИЧЕСКИЕ",$K63,0) -> 0 | Z63: =IF($H63="ОБЩЕЗАВОДСКИЕ",$K63,0) -> 0
B64: =C63 -> 0.20833333 | C64: =B64+1/24 -> 0.25 | K64: =(J64-I64+(J64<I64))*24*60 -> 0 | O64: =IF(H64=$V$5,$F$7,"") | S64: =IF($H64="ПЛАНОВЫЕ",$K64,0) -> 0 | T64: =IF($H64="ПРОИЗВОДСТВЕННЫЕ",$K64,0) -> 0 | U64: =IF($H64="ТЕХНИЧЕСКИЕ",$K64,0) -> 0 | V64: =IF($H64="ТЕХНОЛОГИЧЕСКИЕ",$K64,0) -> 0 | W64: =IF($H64="ЛАБОРАТОРНЫЕ",$K64,0) -> 0 | X64: =IF($H64="СЫРЬЕВЫЕ",$K64,0) -> 0 | Y64: =IF($H64="ЛОГИСТИЧЕСКИЕ",$K64,0) -> 0 | Z64: =IF($H64="ОБЩЕЗАВОДСКИЕ",$K64,0) -> 0
B65: =C64 -> 0.25 | C65: =B65+1/24 -> 0.29166667 | K65: =(J65-I65+(J65<I65))*24*60 -> 0 | O65: =IF(H65=$V$5,$F$7,"") | S65: =IF($H65="ПЛАНОВЫЕ",$K65,0) -> 0 | T65: =IF($H65="ПРОИЗВОДСТВЕННЫЕ",$K65,0) -> 0 | U65: =IF($H65="ТЕХНИЧЕСКИЕ",$K65,0) -> 0 | V65: =IF($H65="ТЕХНОЛОГИЧЕСКИЕ",$K65,0) -> 0 | W65: =IF($H65="ЛАБОРАТОРНЫЕ",$K65,0) -> 0 | X65: =IF($H65="СЫРЬЕВЫЕ",$K65,0) -> 0 | Y65: =IF($H65="ЛОГИСТИЧЕСКИЕ",$K65,0) -> 0 | Z65: =IF($H65="ОБЩЕЗАВОДСКИЕ",$K65,0) -> 0
B66: =C65 -> 0.29166667 | C66: =B66+1/24 -> 0.33333333 | K66: =(J66-I66+(J66<I66))*24*60 -> 0 | O66: =IF(H66=$V$5,$F$7,"") | S66: =IF($H66="ПЛАНОВЫЕ",$K66,0) -> 0 | T66: =IF($H66="ПРОИЗВОДСТВЕННЫЕ",$K66,0) -> 0 | U66: =IF($H66="ТЕХНИЧЕСКИЕ",$K66,0) -> 0 | V66: =IF($H66="ТЕХНОЛОГИЧЕСКИЕ",$K66,0) -> 0 | W66: =IF($H66="ЛАБОРАТОРНЫЕ",$K66,0) -> 0 | X66: =IF($H66="СЫРЬЕВЫЕ",$K66,0) -> 0 | Y66: =IF($H66="ЛОГИСТИЧЕСКИЕ",$K66,0) -> 0 | Z66: =IF($H66="ОБЩЕЗАВОДСКИЕ",$K66,0) -> 0
B67: =C66 -> 0.33333333 | C67: =B67+1/24 -> 0.375 | K67: =(J67-I67+(J67<I67))*24*60 -> 0 | O67: =IF(H67=$V$5,$F$7,"") | S67: =IF($H67="ПЛАНОВЫЕ",$K67,0) -> 0 | T67: =IF($H67="ПРОИЗВОДСТВЕННЫЕ",$K67,0) -> 0 | U67: =IF($H67="ТЕХНИЧЕСКИЕ",$K67,0) -> 0 | V67: =IF($H67="ТЕХНОЛОГИЧЕСКИЕ",$K67,0) -> 0 | W67: =IF($H67="ЛАБОРАТОРНЫЕ",$K67,0) -> 0 | X67: =IF($H67="СЫРЬЕВЫЕ",$K67,0) -> 0 | Y67: =IF($H67="ЛОГИСТИЧЕСКИЕ",$K67,0) -> 0 | Z67: =IF($H67="ОБЩЕЗАВОДСКИЕ",$K67,0) -> 0
B68: =C67 -> 0.375 | C68: =B68+1/24 -> 0.41666667 | K68: =(J68-I68+(J68<I68))*24*60 -> 0 | O68: =IF(H68=$V$5,$F$7,"") | S68: =IF($H68="ПЛАНОВЫЕ",$K68,0) -> 0 | T68: =IF($H68="ПРОИЗВОДСТВЕННЫЕ",$K68,0) -> 0 | U68: =IF($H68="ТЕХНИЧЕСКИЕ",$K68,0) -> 0 | V68: =IF($H68="ТЕХНОЛОГИЧЕСКИЕ",$K68,0) -> 0 | W68: =IF($H68="ЛАБОРАТОРНЫЕ",$K68,0) -> 0 | X68: =IF($H68="СЫРЬЕВЫЕ",$K68,0) -> 0 | Y68: =IF($H68="ЛОГИСТИЧЕСКИЕ",$K68,0) -> 0 | Z68: =IF($H68="ОБЩЕЗАВОДСКИЕ",$K68,0) -> 0
B69: =C68 -> 0.41666667 | C69: =B69+1/24 -> 0.45833333 | K69: =(J69-I69+(J69<I69))*24*60 -> 0 | O69: =IF(H69=$V$5,$F$7,"") | S69: =IF($H69="ПЛАНОВЫЕ",$K69,0) -> 0 | T69: =IF($H69="ПРОИЗВОДСТВЕННЫЕ",$K69,0) -> 0 | U69: =IF($H69="ТЕХНИЧЕСКИЕ",$K69,0) -> 0 | V69: =IF($H69="ТЕХНОЛОГИЧЕСКИЕ",$K69,0) -> 0 | W69: =IF($H69="ЛАБОРАТОРНЫЕ",$K69,0) -> 0 | X69: =IF($H69="СЫРЬЕВЫЕ",$K69,0) -> 0 | Y69: =IF($H69="ЛОГИСТИЧЕСКИЕ",$K69,0) -> 0 | Z69: =IF($H69="ОБЩЕЗАВОДСКИЕ",$K69,0) -> 0
A70: =A39 -> 0 | B70: =B25 -> 0 | C70: =B70+1/24 -> 0.041666667 | K70: =(J70-I70+(J70<I70))*24*60 -> 0 | O70: =IF(H70=$V$5,$F$7,"") | S70: =IF($H70="ПЛАНОВЫЕ",$K70,0) -> 0 | T70: =IF($H70="ПРОИЗВОДСТВЕННЫЕ",$K70,0) -> 0 | U70: =IF($H70="ТЕХНИЧЕСКИЕ",$K70,0) -> 0 | V70: =IF($H70="ТЕХНОЛОГИЧЕСКИЕ",$K70,0) -> 0 | W70: =IF($H70="ЛАБОРАТОРНЫЕ",$K70,0) -> 0 | X70: =IF($H70="СЫРЬЕВЫЕ",$K70,0) -> 0 | Y70: =IF($H70="ЛОГИСТИЧЕСКИЕ",$K70,0) -> 0 | Z70: =IF($H70="ОБЩЕЗАВОДСКИЕ",$K70,0) -> 0
B71: =C70 -> 0.041666667 | C71: =B71+1/24 -> 0.083333333 | K71: =(J71-I71+(J71<I71))*24*60 -> 0 | O71: =IF(H71=$V$5,$F$7,"") | S71: =IF($H71="ПЛАНОВЫЕ",$K71,0) -> 0 | T71: =IF($H71="ПРОИЗВОДСТВЕННЫЕ",$K71,0) -> 0 | U71: =IF($H71="ТЕХНИЧЕСКИЕ",$K71,0) -> 0 | V71: =IF($H71="ТЕХНОЛОГИЧЕСКИЕ",$K71,0) -> 0 | W71: =IF($H71="ЛАБОРАТОРНЫЕ",$K71,0) -> 0 | X71: =IF($H71="СЫРЬЕВЫЕ",$K71,0) -> 0 | Y71: =IF($H71="ЛОГИСТИЧЕСКИЕ",$K71,0) -> 0 | Z71: =IF($H71="ОБЩЕЗАВОДСКИЕ",$K71,0) -> 0
B72: =C71 -> 0.083333333 | C72: =B72+1/24 -> 0.125 | K72: =(J72-I72+(J72<I72))*24*60 -> 0 | O72: =IF(H72=$V$5,$F$7,"") | S72: =IF($H72="ПЛАНОВЫЕ",$K72,0) -> 0 | T72: =IF($H72="ПРОИЗВОДСТВЕННЫЕ",$K72,0) -> 0 | U72: =IF($H72="ТЕХНИЧЕСКИЕ",$K72,0) -> 0 | V72: =IF($H72="ТЕХНОЛОГИЧЕСКИЕ",$K72,0) -> 0 | W72: =IF($H72="ЛАБОРАТОРНЫЕ",$K72,0) -> 0 | X72: =IF($H72="СЫРЬЕВЫЕ",$K72,0) -> 0 | Y72: =IF($H72="ЛОГИСТИЧЕСКИЕ",$K72,0) -> 0 | Z72: =IF($H72="ОБЩЕЗАВОДСКИЕ",$K72,0) -> 0
B73: =C72 -> 0.125 | C73: =B73+1/24 -> 0.16666667 | K73: =(J73-I73+(J73<I73))*24*60 -> 0 | O73: =IF(H73=$V$5,$F$7,"") | S73: =IF($H73="ПЛАНОВЫЕ",$K73,0) -> 0 | T73: =IF($H73="ПРОИЗВОДСТВЕННЫЕ",$K73,0) -> 0 | U73: =IF($H73="ТЕХНИЧЕСКИЕ",$K73,0) -> 0 | V73: =IF($H73="ТЕХНОЛОГИЧЕСКИЕ",$K73,0) -> 0 | W73: =IF($H73="ЛАБОРАТОРНЫЕ",$K73,0) -> 0 | X73: =IF($H73="СЫРЬЕВЫЕ",$K73,0) -> 0 | Y73: =IF($H73="ЛОГИСТИЧЕСКИЕ",$K73,0) -> 0 | Z73: =IF($H73="ОБЩЕЗАВОДСКИЕ",$K73,0) -> 0
B74: =C73 -> 0.16666667 | C74: =B74+1/24 -> 0.20833333 | K74: =(J74-I74+(J74<I74))*24*60 -> 0 | O74: =IF(H74=$V$5,$F$7,"") | S74: =IF($H74="ПЛАНОВЫЕ",$K74,0) -> 0 | T74: =IF($H74="ПРОИЗВОДСТВЕННЫЕ",$K74,0) -> 0 | U74: =IF($H74="ТЕХНИЧЕСКИЕ",$K74,0) -> 0 | V74: =IF($H74="ТЕХНОЛОГИЧЕСКИЕ",$K74,0) -> 0 | W74: =IF($H74="ЛАБОРАТОРНЫЕ",$K74,0) -> 0 | X74: =IF($H74="СЫРЬЕВЫЕ",$K74,0) -> 0 | Y74: =IF($H74="ЛОГИСТИЧЕСКИЕ",$K74,0) -> 0 | Z74: =IF($H74="ОБЩЕЗАВОДСКИЕ",$K74,0) -> 0
B75: =C74 -> 0.20833333 | C75: =B75+1/24 -> 0.25 | K75: =(J75-I75+(J75<I75))*24*60 -> 0 | O75: =IF(H75=$V$5,$F$7,"") | S75: =IF($H75="ПЛАНОВЫЕ",$K75,0) -> 0 | T75: =IF($H75="ПРОИЗВОДСТВЕННЫЕ",$K75,0) -> 0 | U75: =IF($H75="ТЕХНИЧЕСКИЕ",$K75,0) -> 0 | V75: =IF($H75="ТЕХНОЛОГИЧЕСКИЕ",$K75,0) -> 0 | W75: =IF($H75="ЛАБОРАТОРНЫЕ",$K75,0) -> 0 | X75: =IF($H75="СЫРЬЕВЫЕ",$K75,0) -> 0 | Y75: =IF($H75="ЛОГИСТИЧЕСКИЕ",$K75,0) -> 0 | Z75: =IF($H75="ОБЩЕЗАВОДСКИЕ",$K75,0) -> 0
B76: =C75 -> 0.25 | C76: =B76+1/24 -> 0.29166667 | K76: =(J76-I76+(J76<I76))*24*60 -> 0 | O76: =IF(H76=$V$5,$F$7,"") | S76: =IF($H76="ПЛАНОВЫЕ",$K76,0) -> 0 | T76: =IF($H76="ПРОИЗВОДСТВЕННЫЕ",$K76,0) -> 0 | U76: =IF($H76="ТЕХНИЧЕСКИЕ",$K76,0) -> 0 | V76: =IF($H76="ТЕХНОЛОГИЧЕСКИЕ",$K76,0) -> 0 | W76: =IF($H76="ЛАБОРАТОРНЫЕ",$K76,0) -> 0 | X76: =IF($H76="СЫРЬЕВЫЕ",$K76,0) -> 0 | Y76: =IF($H76="ЛОГИСТИЧЕСКИЕ",$K76,0) -> 0 | Z76: =IF($H76="ОБЩЕЗАВОДСКИЕ",$K76,0) -> 0
B77: =C76 -> 0.29166667 | C77: =B77+1/24 -> 0.33333333 | K77: =(J77-I77+(J77<I77))*24*60 -> 0 | O77: =IF(H77=$V$5,$F$7,"") | S77: =IF($H77="ПЛАНОВЫЕ",$K77,0) -> 0 | T77: =IF($H77="ПРОИЗВОДСТВЕННЫЕ",$K77,0) -> 0 | U77: =IF($H77="ТЕХНИЧЕСКИЕ",$K77,0) -> 0 | V77: =IF($H77="ТЕХНОЛОГИЧЕСКИЕ",$K77,0) -> 0 | W77: =IF($H77="ЛАБОРАТОРНЫЕ",$K77,0) -> 0 | X77: =IF($H77="СЫРЬЕВЫЕ",$K77,0) -> 0 | Y77: =IF($H77="ЛОГИСТИЧЕСКИЕ",$K77,0) -> 0 | Z77: =IF($H77="ОБЩЕЗАВОДСКИЕ",$K77,0) -> 0
B78: =C77 -> 0.33333333 | C78: =B78+1/24 -> 0.375 | K78: =(J78-I78+(J78<I78))*24*60 -> 0 | O78: =IF(H78=$V$5,$F$7,"") | S78: =IF($H78="ПЛАНОВЫЕ",$K78,0) -> 0 | T78: =IF($H78="ПРОИЗВОДСТВЕННЫЕ",$K78,0) -> 0 | U78: =IF($H78="ТЕХНИЧЕСКИЕ",$K78,0) -> 0 | V78: =IF($H78="ТЕХНОЛОГИЧЕСКИЕ",$K78,0) -> 0 | W78: =IF($H78="ЛАБОРАТОРНЫЕ",$K78,0) -> 0 | X78: =IF($H78="СЫРЬЕВЫЕ",$K78,0) -> 0 | Y78: =IF($H78="ЛОГИСТИЧЕСКИЕ",$K78,0) -> 0 | Z78: =IF($H78="ОБЩЕЗАВОДСКИЕ",$K78,0) -> 0
B79: =C78 -> 0.375 | C79: =B79+1/24 -> 0.41666667 | K79: =(J79-I79+(J79<I79))*24*60 -> 0 | O79: =IF(H79=$V$5,$F$7,"") | S79: =IF($H79="ПЛАНОВЫЕ",$K79,0) -> 0 | T79: =IF($H79="ПРОИЗВОДСТВЕННЫЕ",$K79,0) -> 0 | U79: =IF($H79="ТЕХНИЧЕСКИЕ",$K79,0) -> 0 | V79: =IF($H79="ТЕХНОЛОГИЧЕСКИЕ",$K79,0) -> 0 | W79: =IF($H79="ЛАБОРАТОРНЫЕ",$K79,0) -> 0 | X79: =IF($H79="СЫРЬЕВЫЕ",$K79,0) -> 0 | Y79: =IF($H79="ЛОГИСТИЧЕСКИЕ",$K79,0) -> 0 | Z79: =IF($H79="ОБЩЕЗАВОДСКИЕ",$K79,0) -> 0
B80: =C79 -> 0.41666667 | C80: =B80+1/24 -> 0.45833333 | K80: =(J80-I80+(J80<I80))*24*60 -> 0 | O80: =IF(H80=$V$5,$F$7,"") | S80: =IF($H80="ПЛАНОВЫЕ",$K80,0) -> 0 | T80: =IF($H80="ПРОИЗВОДСТВЕННЫЕ",$K80,0) -> 0 | U80: =IF($H80="ТЕХНИЧЕСКИЕ",$K80,0) -> 0 | V80: =IF($H80="ТЕХНОЛОГИЧЕСКИЕ",$K80,0) -> 0 | W80: =IF($H80="ЛАБОРАТОРНЫЕ",$K80,0) -> 0 | X80: =IF($H80="СЫРЬЕВЫЕ",$K80,0) -> 0 | Y80: =IF($H80="ЛОГИСТИЧЕСКИЕ",$K80,0) -> 0 | Z80: =IF($H80="ОБЩЕЗАВОДСКИЕ",$K80,0) -> 0
A81: =A40 -> 0 | B81: =B27 -> 0 | C81: =B81+1/24 -> 0.041666667 | K81: =(J81-I81+(J81<I81))*24*60 -> 0 | O81: =IF(H81=$V$5,$F$7,"") | S81: =IF($H81="ПЛАНОВЫЕ",$K81,0) -> 0 | T81: =IF($H81="ПРОИЗВОДСТВЕННЫЕ",$K81,0) -> 0 | U81: =IF($H81="ТЕХНИЧЕСКИЕ",$K81,0) -> 0 | V81: =IF($H81="ТЕХНОЛОГИЧЕСКИЕ",$K81,0) -> 0 | W81: =IF($H81="ЛАБОРАТОРНЫЕ",$K81,0) -> 0 | X81: =IF($H81="СЫРЬЕВЫЕ",$K81,0) -> 0 | Y81: =IF($H81="ЛОГИСТИЧЕСКИЕ",$K81,0) -> 0 | Z81: =IF($H81="ОБЩЕЗАВОДСКИЕ",$K81,0) -> 0
B82: =C81 -> 0.041666667 | C82: =B82+1/24 -> 0.083333333 | K82: =(J82-I82+(J82<I82))*24*60 -> 0 | O82: =IF(H82=$V$5,$F$7,"") | S82: =IF($H82="ПЛАНОВЫЕ",$K82,0) -> 0 | T82: =IF($H82="ПРОИЗВОДСТВЕННЫЕ",$K82,0) -> 0 | U82: =IF($H82="ТЕХНИЧЕСКИЕ",$K82,0) -> 0 | V82: =IF($H82="ТЕХНОЛОГИЧЕСКИЕ",$K82,0) -> 0 | W82: =IF($H82="ЛАБОРАТОРНЫЕ",$K82,0) -> 0 | X82: =IF($H82="СЫРЬЕВЫЕ",$K82,0) -> 0 | Y82: =IF($H82="ЛОГИСТИЧЕСКИЕ",$K82,0) -> 0 | Z82: =IF($H82="ОБЩЕЗАВОДСКИЕ",$K82,0) -> 0
B83: =C82 -> 0.083333333 | C83: =B83+1/24 -> 0.125 | K83: =(J83-I83+(J83<I83))*24*60 -> 0 | O83: =IF(H83=$V$5,$F$7,"") | S83: =IF($H83="ПЛАНОВЫЕ",$K83,0) -> 0 | T83: =IF($H83="ПРОИЗВОДСТВЕННЫЕ",$K83,0) -> 0 | U83: =IF($H83="ТЕХНИЧЕСКИЕ",$K83,0) -> 0 | V83: =IF($H83="ТЕХНОЛОГИЧЕСКИЕ",$K83,0) -> 0 | W83: =IF($H83="ЛАБОРАТОРНЫЕ",$K83,0) -> 0 | X83: =IF($H83="СЫРЬЕВЫЕ",$K83,0) -> 0 | Y83: =IF($H83="ЛОГИСТИЧЕСКИЕ",$K83,0) -> 0 | Z83: =IF($H83="ОБЩЕЗАВОДСКИЕ",$K83,0) -> 0
B84: =C83 -> 0.125 | C84: =B84+1/24 -> 0.16666667 | K84: =(J84-I84+(J84<I84))*24*60 -> 0 | O84: =IF(H84=$V$5,$F$7,"") | S84: =IF($H84="ПЛАНОВЫЕ",$K84,0) -> 0 | T84: =IF($H84="ПРОИЗВОДСТВЕННЫЕ",$K84,0) -> 0 | U84: =IF($H84="ТЕХНИЧЕСКИЕ",$K84,0) -> 0 | V84: =IF($H84="ТЕХНОЛОГИЧЕСКИЕ",$K84,0) -> 0 | W84: =IF($H84="ЛАБОРАТОРНЫЕ",$K84,0) -> 0 | X84: =IF($H84="СЫРЬЕВЫЕ",$K84,0) -> 0 | Y84: =IF($H84="ЛОГИСТИЧЕСКИЕ",$K84,0) -> 0 | Z84: =IF($H84="ОБЩЕЗАВОДСКИЕ",$K84,0) -> 0
B85: =C84 -> 0.16666667 | C85: =B85+1/24 -> 0.20833333 | K85: =(J85-I85+(J85<I85))*24*60 -> 0 | O85: =IF(H85=$V$5,$F$7,"") | S85: =IF($H85="ПЛАНОВЫЕ",$K85,0) -> 0 | T85: =IF($H85="ПРОИЗВОДСТВЕННЫЕ",$K85,0) -> 0 | U85: =IF($H85="ТЕХНИЧЕСКИЕ",$K85,0) -> 0 | V85: =IF($H85="ТЕХНОЛОГИЧЕСКИЕ",$K85,0) -> 0 | W85: =IF($H85="ЛАБОРАТОРНЫЕ",$K85,0) -> 0 | X85: =IF($H85="СЫРЬЕВЫЕ",$K85,0) -> 0 | Y85: =IF($H85="ЛОГИСТИЧЕСКИЕ",$K85,0) -> 0 | Z85: =IF($H85="ОБЩЕЗАВОДСКИЕ",$K85,0) -> 0
B86: =C85 -> 0.20833333 | C86: =B86+1/24 -> 0.25 | K86: =(J86-I86+(J86<I86))*24*60 -> 0 | O86: =IF(H86=$V$5,$F$7,"") | S86: =IF($H86="ПЛАНОВЫЕ",$K86,0) -> 0 | T86: =IF($H86="ПРОИЗВОДСТВЕННЫЕ",$K86,0) -> 0 | U86: =IF($H86="ТЕХНИЧЕСКИЕ",$K86,0) -> 0 | V86: =IF($H86="ТЕХНОЛОГИЧЕСКИЕ",$K86,0) -> 0 | W86: =IF($H86="ЛАБОРАТОРНЫЕ",$K86,0) -> 0 | X86: =IF($H86="СЫРЬЕВЫЕ",$K86,0) -> 0 | Y86: =IF($H86="ЛОГИСТИЧЕСКИЕ",$K86,0) -> 0 | Z86: =IF($H86="ОБЩЕЗАВОДСКИЕ",$K86,0) -> 0
B87: =C86 -> 0.25 | C87: =B87+1/24 -> 0.29166667 | K87: =(J87-I87+(J87<I87))*24*60 -> 0 | O87: =IF(H87=$V$5,$F$7,"") | S87: =IF($H87="ПЛАНОВЫЕ",$K87,0) -> 0 | T87: =IF($H87="ПРОИЗВОДСТВЕННЫЕ",$K87,0) -> 0 | U87: =IF($H87="ТЕХНИЧЕСКИЕ",$K87,0) -> 0 | V87: =IF($H87="ТЕХНОЛОГИЧЕСКИЕ",$K87,0) -> 0 | W87: =IF($H87="ЛАБОРАТОРНЫЕ",$K87,0) -> 0 | X87: =IF($H87="СЫРЬЕВЫЕ",$K87,0) -> 0 | Y87: =IF($H87="ЛОГИСТИЧЕСКИЕ",$K87,0) -> 0 | Z87: =IF($H87="ОБЩЕЗАВОДСКИЕ",$K87,0) -> 0
B88: =C87 -> 0.29166667 | C88: =B88+1/24 -> 0.33333333 | K88: =(J88-I88+(J88<I88))*24*60 -> 0 | O88: =IF(H88=$V$5,$F$7,"") | S88: =IF($H88="ПЛАНОВЫЕ",$K88,0) -> 0 | T88: =IF($H88="ПРОИЗВОДСТВЕННЫЕ",$K88,0) -> 0 | U88: =IF($H88="ТЕХНИЧЕСКИЕ",$K88,0) -> 0 | V88: =IF($H88="ТЕХНОЛОГИЧЕСКИЕ",$K88,0) -> 0 | W88: =IF($H88="ЛАБОРАТОРНЫЕ",$K88,0) -> 0 | X88: =IF($H88="СЫРЬЕВЫЕ",$K88,0) -> 0 | Y88: =IF($H88="ЛОГИСТИЧЕСКИЕ",$K88,0) -> 0 | Z88: =IF($H88="ОБЩЕЗАВОДСКИЕ",$K88,0) -> 0
B89: =C88 -> 0.33333333 | C89: =B89+1/24 -> 0.375 | K89: =(J89-I89+(J89<I89))*24*60 -> 0 | O89: =IF(H89=$V$5,$F$7,"") | S89: =IF($H89="ПЛАНОВЫЕ",$K89,0) -> 0 | T89: =IF($H89="ПРОИЗВОДСТВЕННЫЕ",$K89,0) -> 0 | U89: =IF($H89="ТЕХНИЧЕСКИЕ",$K89,0) -> 0 | V89: =IF($H89="ТЕХНОЛОГИЧЕСКИЕ",$K89,0) -> 0 | W89: =IF($H89="ЛАБОРАТОРНЫЕ",$K89,0) -> 0 | X89: =IF($H89="СЫРЬЕВЫЕ",$K89,0) -> 0 | Y89: =IF($H89="ЛОГИСТИЧЕСКИЕ",$K89,0) -> 0 | Z89: =IF($H89="ОБЩЕЗАВОДСКИЕ",$K89,0) -> 0
B90: =C89 -> 0.375 | C90: =B90+1/24 -> 0.41666667 | K90: =(J90-I90+(J90<I90))*24*60 -> 0 | O90: =IF(H90=$V$5,$F$7,"") | S90: =IF($H90="ПЛАНОВЫЕ",$K90,0) -> 0 | T90: =IF($H90="ПРОИЗВОДСТВЕННЫЕ",$K90,0) -> 0 | U90: =IF($H90="ТЕХНИЧЕСКИЕ",$K90,0) -> 0 | V90: =IF($H90="ТЕХНОЛОГИЧЕСКИЕ",$K90,0) -> 0 | W90: =IF($H90="ЛАБОРАТОРНЫЕ",$K90,0) -> 0 | X90: =IF($H90="СЫРЬЕВЫЕ",$K90,0) -> 0 | Y90: =IF($H90="ЛОГИСТИЧЕСКИЕ",$K90,0) -> 0 | Z90: =IF($H90="ОБЩЕЗАВОДСКИЕ",$K90,0) -> 0
B91: =C90 -> 0.41666667 | C91: =B91+1/24 -> 0.45833333 | K91: =(J91-I91+(J91<I91))*24*60 -> 0 | O91: =IF(H91=$V$5,$F$7,"") | S91: =IF($H91="ПЛАНОВЫЕ",$K91,0) -> 0 | T91: =IF($H91="ПРОИЗВОДСТВЕННЫЕ",$K91,0) -> 0 | U91: =IF($H91="ТЕХНИЧЕСКИЕ",$K91,0) -> 0 | V91: =IF($H91="ТЕХНОЛОГИЧЕСКИЕ",$K91,0) -> 0 | W91: =IF($H91="ЛАБОРАТОРНЫЕ",$K91,0) -> 0 | X91: =IF($H91="СЫРЬЕВЫЕ",$K91,0) -> 0 | Y91: =IF($H91="ЛОГИСТИЧЕСКИЕ",$K91,0) -> 0 | Z91: =IF($H91="ОБЩЕЗАВОДСКИЕ",$K91,0) -> 0
A92: =A41 -> 0 | K92: =(J92-I92+(J92<I92))*24*60 -> 0 | O92: =IF(H92=$V$5,$F$7,"") | S92: =IF($H92="ПЛАНОВЫЕ",$K92,0) -> 0 | T92: =IF($H92="ПРОИЗВОДСТВЕННЫЕ",$K92,0) -> 0 | U92: =IF($H92="ТЕХНИЧЕСКИЕ",$K92,0) -> 0 | V92: =IF($H92="ТЕХНОЛОГИЧЕСКИЕ",$K92,0) -> 0 | W92: =IF($H92="ЛАБОРАТОРНЫЕ",$K92,0) -> 0 | X92: =IF($H92="СЫРЬЕВЫЕ",$K92,0) -> 0 | Y92: =IF($H92="ЛОГИСТИЧЕСКИЕ",$K92,0) -> 0 | Z92: =IF($H92="ОБЩЕЗАВОДСКИЕ",$K92,0) -> 0
K93: =(J93-I93+(J93<I93))*24*60 -> 0 | O93: =IF(H93=$V$5,$F$7,"") | S93: =IF($H93="ПЛАНОВЫЕ",$K93,0) -> 0 | T93: =IF($H93="ПРОИЗВОДСТВЕННЫЕ",$K93,0) -> 0 | U93: =IF($H93="ТЕХНИЧЕСКИЕ",$K93,0) -> 0 | V93: =IF($H93="ТЕХНОЛОГИЧЕСКИЕ",$K93,0) -> 0 | W93: =IF($H93="ЛАБОРАТОРНЫЕ",$K93,0) -> 0 | X93: =IF($H93="СЫРЬЕВЫЕ",$K93,0) -> 0 | Y93: =IF($H93="ЛОГИСТИЧЕСКИЕ",$K93,0) -> 0 | Z93: =IF($H93="ОБЩЕЗАВОДСКИЕ",$K93,0) -> 0
K94: =(J94-I94+(J94<I94))*24*60 -> 0 | O94: =IF(H94=$V$5,$F$7,"") | S94: =IF($H94="ПЛАНОВЫЕ",$K94,0) -> 0 | T94: =IF($H94="ПРОИЗВОДСТВЕННЫЕ",$K94,0) -> 0 | U94: =IF($H94="ТЕХНИЧЕСКИЕ",$K94,0) -> 0 | V94: =IF($H94="ТЕХНОЛОГИЧЕСКИЕ",$K94,0) -> 0 | W94: =IF($H94="ЛАБОРАТОРНЫЕ",$K94,0) -> 0 | X94: =IF($H94="СЫРЬЕВЫЕ",$K94,0) -> 0 | Y94: =IF($H94="ЛОГИСТИЧЕСКИЕ",$K94,0) -> 0 | Z94: =IF($H94="ОБЩЕЗАВОДСКИЕ",$K94,0) -> 0
K95: =(J95-I95+(J95<I95))*24*60 -> 0 | O95: =IF(H95=$V$5,$F$7,"") | S95: =IF($H95="ПЛАНОВЫЕ",$K95,0) -> 0 | T95: =IF($H95="ПРОИЗВОДСТВЕННЫЕ",$K95,0) -> 0 | U95: =IF($H95="ТЕХНИЧЕСКИЕ",$K95,0) -> 0 | V95: =IF($H95="ТЕХНОЛОГИЧЕСКИЕ",$K95,0) -> 0 | W95: =IF($H95="ЛАБОРАТОРНЫЕ",$K95,0) -> 0 | X95: =IF($H95="СЫРЬЕВЫЕ",$K95,0) -> 0 | Y95: =IF($H95="ЛОГИСТИЧЕСКИЕ",$K95,0) -> 0 | Z95: =IF($H95="ОБЩЕЗАВОДСКИЕ",$K95,0) -> 0
K96: =(J96-I96+(J96<I96))*24*60 -> 0 | O96: =IF(H96=$V$5,$F$7,"") | S96: =IF($H96="ПЛАНОВЫЕ",$K96,0) -> 0 | T96: =IF($H96="ПРОИЗВОДСТВЕННЫЕ",$K96,0) -> 0 | U96: =IF($H96="ТЕХНИЧЕСКИЕ",$K96,0) -> 0 | V96: =IF($H96="ТЕХНОЛОГИЧЕСКИЕ",$K96,0) -> 0 | W96: =IF($H96="ЛАБОРАТОРНЫЕ",$K96,0) -> 0 | X96: =IF($H96="СЫРЬЕВЫЕ",$K96,0) -> 0 | Y96: =IF($H96="ЛОГИСТИЧЕСКИЕ",$K96,0) -> 0 | Z96: =IF($H96="ОБЩЕЗАВОДСКИЕ",$K96,0) -> 0
K97: =(J97-I97+(J97<I97))*24*60 -> 0 | O97: =IF(H97=$V$5,$F$7,"") | S97: =IF($H97="ПЛАНОВЫЕ",$K97,0) -> 0 | T97: =IF($H97="ПРОИЗВОДСТВЕННЫЕ",$K97,0) -> 0 | U97: =IF($H97="ТЕХНИЧЕСКИЕ",$K97,0) -> 0 | V97: =IF($H97="ТЕХНОЛОГИЧЕСКИЕ",$K97,0) -> 0 | W97: =IF($H97="ЛАБОРАТОРНЫЕ",$K97,0) -> 0 | X97: =IF($H97="СЫРЬЕВЫЕ",$K97,0) -> 0 | Y97: =IF($H97="ЛОГИСТИЧЕСКИЕ",$K97,0) -> 0 | Z97: =IF($H97="ОБЩЕЗАВОДСКИЕ",$K97,0) -> 0
K98: =(J98-I98+(J98<I98))*24*60 -> 0 | O98: =IF(H98=$V$5,$F$7,"") | S98: =IF($H98="ПЛАНОВЫЕ",$K98,0) -> 0 | T98: =IF($H98="ПРОИЗВОДСТВЕННЫЕ",$K98,0) -> 0 | U98: =IF($H98="ТЕХНИЧЕСКИЕ",$K98,0) -> 0 | V98: =IF($H98="ТЕХНОЛОГИЧЕСКИЕ",$K98,0) -> 0 | W98: =IF($H98="ЛАБОРАТОРНЫЕ",$K98,0) -> 0 | X98: =IF($H98="СЫРЬЕВЫЕ",$K98,0) -> 0 | Y98: =IF($H98="ЛОГИСТИЧЕСКИЕ",$K98,0) -> 0 | Z98: =IF($H98="ОБЩЕЗАВОДСКИЕ",$K98,0) -> 0
K99: =(J99-I99+(J99<I99))*24*60 -> 0 | O99: =IF(H99=$V$5,$F$7,"") | S99: =IF($H99="ПЛАНОВЫЕ",$K99,0) -> 0 | T99: =IF($H99="ПРОИЗВОДСТВЕННЫЕ",$K99,0) -> 0 | U99: =IF($H99="ТЕХНИЧЕСКИЕ",$K99,0) -> 0 | V99: =IF($H99="ТЕХНОЛОГИЧЕСКИЕ",$K99,0) -> 0 | W99: =IF($H99="ЛАБОРАТОРНЫЕ",$K99,0) -> 0 | X99: =IF($H99="СЫРЬЕВЫЕ",$K99,0) -> 0 | Y99: =IF($H99="ЛОГИСТИЧЕСКИЕ",$K99,0) -> 0 | Z99: =IF($H99="ОБЩЕЗАВОДСКИЕ",$K99,0) -> 0
K100: =(J100-I100+(J100<I100))*24*60 -> 0 | O100: =IF(H100=$V$5,$F$7,"") | S100: =IF($H100="ПЛАНОВЫЕ",$K100,0) -> 0 | T100: =IF($H100="ПРОИЗВОДСТВЕННЫЕ",$K100,0) -> 0 | U100: =IF($H100="ТЕХНИЧЕСКИЕ",$K100,0) -> 0 | V100: =IF($H100="ТЕХНОЛОГИЧЕСКИЕ",$K100,0) -> 0 | W100: =IF($H100="ЛАБОРАТОРНЫЕ",$K100,0) -> 0 | X100: =IF($H100="СЫРЬЕВЫЕ",$K100,0) -> 0 | Y100: =IF($H100="ЛОГИСТИЧЕСКИЕ",$K100,0) -> 0 | Z100: =IF($H100="ОБЩЕЗАВОДСКИЕ",$K100,0) -> 0
K101: =(J101-I101+(J101<I101))*24*60 -> 0 | O101: =IF(H101=$V$5,$F$7,"") | S101: =IF($H101="ПЛАНОВЫЕ",$K101,0) -> 0 | T101: =IF($H101="ПРОИЗВОДСТВЕННЫЕ",$K101,0) -> 0 | U101: =IF($H101="ТЕХНИЧЕСКИЕ",$K101,0) -> 0 | V101: =IF($H101="ТЕХНОЛОГИЧЕСКИЕ",$K101,0) -> 0 | W101: =IF($H101="ЛАБОРАТОРНЫЕ",$K101,0) -> 0 | X101: =IF($H101="СЫРЬЕВЫЕ",$K101,0) -> 0 | Y101: =IF($H101="ЛОГИСТИЧЕСКИЕ",$K101,0) -> 0 | Z101: =IF($H101="ОБЩЕЗАВОДСКИЕ",$K101,0) -> 0
K102: =(J102-I102+(J102<I102))*24*60 -> 0 | O102: =IF(H102=$V$5,$F$7,"") | S102: =IF($H102="ПЛАНОВЫЕ",$K102,0) -> 0 | T102: =IF($H102="ПРОИЗВОДСТВЕННЫЕ",$K102,0) -> 0 | U102: =IF($H102="ТЕХНИЧЕСКИЕ",$K102,0) -> 0 | V102: =IF($H102="ТЕХНОЛОГИЧЕСКИЕ",$K102,0) -> 0 | W102: =IF($H102="ЛАБОРАТОРНЫЕ",$K102,0) -> 0 | X102: =IF($H102="СЫРЬЕВЫЕ",$K102,0) -> 0 | Y102: =IF($H102="ЛОГИСТИЧЕСКИЕ",$K102,0) -> 0 | Z102: =IF($H102="ОБЩЕЗАВОДСКИЕ",$K102,0) -> 0
A103: =A42 -> 0 | K103: =(J103-I103+(J103<I103))*24*60 -> 0 | O103: =IF(H103=$V$5,$F$7,"") | S103: =IF($H103="ПЛАНОВЫЕ",$K103,0) -> 0 | T103: =IF($H103="ПРОИЗВОДСТВЕННЫЕ",$K103,0) -> 0 | U103: =IF($H103="ТЕХНИЧЕСКИЕ",$K103,0) -> 0 | V103: =IF($H103="ТЕХНОЛОГИЧЕСКИЕ",$K103,0) -> 0 | W103: =IF($H103="ЛАБОРАТОРНЫЕ",$K103,0) -> 0 | X103: =IF($H103="СЫРЬЕВЫЕ",$K103,0) -> 0 | Y103: =IF($H103="ЛОГИСТИЧЕСКИЕ",$K103,0) -> 0 | Z103: =IF($H103="ОБЩЕЗАВОДСКИЕ",$K103,0) -> 0
K104: =(J104-I104+(J104<I104))*24*60 -> 0 | O104: =IF(H104=$V$5,$F$7,"") | S104: =IF($H104="ПЛАНОВЫЕ",$K104,0) -> 0 | T104: =IF($H104="ПРОИЗВОДСТВЕННЫЕ",$K104,0) -> 0 | U104: =IF($H104="ТЕХНИЧЕСКИЕ",$K104,0) -> 0 | V104: =IF($H104="ТЕХНОЛОГИЧЕСКИЕ",$K104,0) -> 0 | W104: =IF($H104="ЛАБОРАТОРНЫЕ",$K104,0) -> 0 | X104: =IF($H104="СЫРЬЕВЫЕ",$K104,0) -> 0 | Y104: =IF($H104="ЛОГИСТИЧЕСКИЕ",$K104,0) -> 0 | Z104: =IF($H104="ОБЩЕЗАВОДСКИЕ",$K104,0) -> 0
K105: =(J105-I105+(J105<I105))*24*60 -> 0 | O105: =IF(H105=$V$5,$F$7,"") | S105: =IF($H105="ПЛАНОВЫЕ",$K105,0) -> 0 | T105: =IF($H105="ПРОИЗВОДСТВЕННЫЕ",$K105,0) -> 0 | U105: =IF($H105="ТЕХНИЧЕСКИЕ",$K105,0) -> 0 | V105: =IF($H105="ТЕХНОЛОГИЧЕСКИЕ",$K105,0) -> 0 | W105: =IF($H105="ЛАБОРАТОРНЫЕ",$K105,0) -> 0 | X105: =IF($H105="СЫРЬЕВЫЕ",$K105,0) -> 0 | Y105: =IF($H105="ЛОГИСТИЧЕСКИЕ",$K105,0) -> 0 | Z105: =IF($H105="ОБЩЕЗАВОДСКИЕ",$K105,0) -> 0
K106: =(J106-I106+(J106<I106))*24*60 -> 0 | O106: =IF(H106=$V$5,$F$7,"") | S106: =IF($H106="ПЛАНОВЫЕ",$K106,0) -> 0 | T106: =IF($H106="ПРОИЗВОДСТВЕННЫЕ",$K106,0) -> 0 | U106: =IF($H106="ТЕХНИЧЕСКИЕ",$K106,0) -> 0 | V106: =IF($H106="ТЕХНОЛОГИЧЕСКИЕ",$K106,0) -> 0 | W106: =IF($H106="ЛАБОРАТОРНЫЕ",$K106,0) -> 0 | X106: =IF($H106="СЫРЬЕВЫЕ",$K106,0) -> 0 | Y106: =IF($H106="ЛОГИСТИЧЕСКИЕ",$K106,0) -> 0 | Z106: =IF($H106="ОБЩЕЗАВОДСКИЕ",$K106,0) -> 0
K107: =(J107-I107+(J107<I107))*24*60 -> 0 | O107: =IF(H107=$V$5,$F$7,"") | S107: =IF($H107="ПЛАНОВЫЕ",$K107,0) -> 0 | T107: =IF($H107="ПРОИЗВОДСТВЕННЫЕ",$K107,0) -> 0 | U107: =IF($H107="ТЕХНИЧЕСКИЕ",$K107,0) -> 0 | V107: =IF($H107="ТЕХНОЛОГИЧЕСКИЕ",$K107,0) -> 0 | W107: =IF($H107="ЛАБОРАТОРНЫЕ",$K107,0) -> 0 | X107: =IF($H107="СЫРЬЕВЫЕ",$K107,0) -> 0 | Y107: =IF($H107="ЛОГИСТИЧЕСКИЕ",$K107,0) -> 0 | Z107: =IF($H107="ОБЩЕЗАВОДСКИЕ",$K107,0) -> 0
K108: =(J108-I108+(J108<I108))*24*60 -> 0 | O108: =IF(H108=$V$5,$F$7,"") | S108: =IF($H108="ПЛАНОВЫЕ",$K108,0) -> 0 | T108: =IF($H108="ПРОИЗВОДСТВЕННЫЕ",$K108,0) -> 0 | U108: =IF($H108="ТЕХНИЧЕСКИЕ",$K108,0) -> 0 | V108: =IF($H108="ТЕХНОЛОГИЧЕСКИЕ",$K108,0) -> 0 | W108: =IF($H108="ЛАБОРАТОРНЫЕ",$K108,0) -> 0 | X108: =IF($H108="СЫРЬЕВЫЕ",$K108,0) -> 0 | Y108: =IF($H108="ЛОГИСТИЧЕСКИЕ",$K108,0) -> 0 | Z108: =IF($H108="ОБЩЕЗАВОДСКИЕ",$K108,0) -> 0
K109: =(J109-I109+(J109<I109))*24*60 -> 0 | O109: =IF(H109=$V$5,$F$7,"") | S109: =IF($H109="ПЛАНОВЫЕ",$K109,0) -> 0 | T109: =IF($H109="ПРОИЗВОДСТВЕННЫЕ",$K109,0) -> 0 | U109: =IF($H109="ТЕХНИЧЕСКИЕ",$K109,0) -> 0 | V109: =IF($H109="ТЕХНОЛОГИЧЕСКИЕ",$K109,0) -> 0 | W109: =IF($H109="ЛАБОРАТОРНЫЕ",$K109,0) -> 0 | X109: =IF($H109="СЫРЬЕВЫЕ",$K109,0) -> 0 | Y109: =IF($H109="ЛОГИСТИЧЕСКИЕ",$K109,0) -> 0 | Z109: =IF($H109="ОБЩЕЗАВОДСКИЕ",$K109,0) -> 0
...

Sheet 5
A1: Сменный отчет выпуска продукции
A2: Линия розлива № 3 - 0,75 л. - 1,0 л.
A3: Смена "Д" день с 08:00 по 20:00 | F3: Сутки план/факт | G3: =SUM(J21:J32)+SUM(J136:J147) -> 93333.333 | H3: =SUM(K21:K32)+SUM(K136:K147) -> 49151 | I3: паспортная скорость | J3: 4000 | K3: Время смены | L3: 720 | V3: плановые
A4: Должность | F4: ФИО ответственного | I4: Рабочее место оператора | K4: ФИО оператора | N4: Поля для заполнения | V4: производственные
A5: Начальник смены | F5: Танирбергенов | I5: Депаллетайзер | K5: Мирза | O5: ФИКСИРОВАННЫЕ ПОЛЯ, НЕ ЗАПОЛНЯТЬ | V5: технические
A6: Мастер | F6: Березина | I6: Розлив, укупор | K6: Юров | V6: технологические
A7: Контролер | F7: Касьяненко | I7: Этикетировочный автомат | K7: Чумичёва | O7: ПОЛЯ ДЛЯ ЗАПОЛНЕНИЯ МАСТЕРОМ | V7: лабораторные
A8: Наладчик оборудования | F8: Цыганков | I8: Термоупаковщик | K8: Рахимзода | V8: сырьевые
A9: Наладчик оборудования | F9: Куликов | V9: логистические
A14: ИТОГОВЫЙ РЕЗУЛЬТАТ РАБОТЫ СМЕНЫ (ВЫЧИСЛЯЕТСЯ АВТОМАТИЧЕСКИ) | N14: ПРОСТОИ (ВЫЧИСЛЯЕТСЯ АВТОМАТИЧЕСКИ) | V14: общезаводские
A15: НАИМЕНОВАНИЕ НАПИТКА | B15: Время начала производства | C15: Время окончания производства | D15: Время работы смены | E15: Плановая производительность | F15: Приведенное продуктивное время | G15: Эффективность от паспортной скорости % | H15: Вычитаемые простои (плановые, общезаводские) | I15: Условные простои (Необоснованные потери), мин | J15: Расчетная плановая производительность с учетом вычитаемых простоев | K15: Фактическая производительность за смену | L15: Выполнение сменного задания %, невыполнение -, перевыполнение + | N15: Вид Простоя | P15: Длительность, час | V15: Итого
N19: ПЛАНОВЫЕ | P19: =SUM(S47:S58) -> 20 | Q19: =SUM(S59:S69) -> 0 | R19: =SUM(S70:S80) -> 0 | S19: =SUM(S81:S91) -> 0 | T19: =SUM(S92:S102) -> 0 | U19: =SUM(S103:S113) -> 0 | V19: =P19+Q19+R19+S19+T19+U19 -> 20
D20: [мин] | E20: [шт./час] | F20: [мин] | H20: [мин] | J20: [шт./смену] | K20: [шт./смену] | L20: % | N20: ПРОИЗВОДСТВЕННЫЕ | P20: =SUM(T46:T57) -> 15 | Q20: =SUM(T58:T68) -> 0 | R20: =SUM(T69:T79) -> 0 | S20: =SUM(T80:T90) -> 0 | T20: =SUM(T91:T101) -> 0 | U20: =SUM(T102:T112) -> 0 | V20: =P20+Q20+R20+S20+T20+U20 -> 15
A21: =A37 -> нектар тыква гранде 0,75 | B21: 0.33333333 | C21: 0.83333333 | D21: =(C21-B21+(C21<B21))*24*60 -> 720 | E21: 4000 | F21: =IF(E21=0,0,(F37/J3*60)) -> 500.07 | G21: =IF($K21=0,0,(K21*100)/(D21*$J$3/60)) -> 69.454167 | H21: =P19+P26 -> 20 | I21: =D21-F21-P27 -> -13.07 | J21: =(D21-H21)/60*E21 -> 46666.667 | K21: =F37 -> 33338 | L21: =IF($K21=0,0,K21/J21) -> 0.71438571 | N21: ТЕХНИЧЕСКИЕ | P21: =SUM(U46:U57) -> 198 | Q21: =SUM(U58:U68) -> 0 | R21: =SUM(U69:U79) -> 0 | S21: =SUM(U80:U90) -> 0 | T21: =SUM(U91:U101) -> 0 | U21: =SUM(U102:U112) -> 0 | V21: =P21+Q21+R21+S21+T21+U21 -> 198
L22: =K21-J21 -> -13328.667 | N22: ТЕХНОЛОГИЧЕСКИЕ | P22: =SUM(V46:V57) -> 0 | Q22: =SUM(V58:V68) -> 0 | R22: =SUM(V69:V79) -> 0 | S22: =SUM(V80:V90) -> 0 | T22: =SUM(V91:V101) -> 0 | U22: =SUM(V102:V112) -> 0 | V22: =P22+Q22+R22+S22+T22+U22 -> 0
A23: =A38 -> 0 | D23: =(C23-B23+(C23<B23))*24*60 -> 0 | F23: =IF(E23=0,0,(F38/J3*60)) -> 0 | G23: =IF($K23=0,0,(K23*100)/(D23*$J$3/60)) -> 0 | H23: =Q19+Q26 -> 0 | I23: =D23-F23-Q27 -> 0 | J23: =(D23-H23)/60*E23 -> 0 | K23: =F38 -> 0 | L23: =IF($K23=0,0,K23/J23) -> 0 | N23: ЛАБОРАТОРНЫЕ | P23: =SUM(W46:W57) -> 0 | Q23: =SUM(W58:W68) -> 0 | R23: =SUM(W69:W79) -> 0 | S23: =SUM(W80:W90) -> 0 | T23: =SUM(W91:W101) -> 0 | U23: =SUM(W102:W112) -> 0 | V23: =P23+Q23+R23+S23+T23+U23 -> 0
L24: =K23-J23 -> 0 | N24: СЫРЬЕВЫЕ | P24: =SUM(X46:X57) -> 0 | Q24: =SUM(X58:X68) -> 0 | R24: =SUM(X69:X79) -> 0 | S24: =SUM(X80:X90) -> 0 | T24: =SUM(X91:X101) -> 0 | U24: =SUM(X102:X112) -> 0 | V24: =P24+Q24+R24+S24+T24+U24 -> 0
A25: =A39 -> 0 | D25: =(C25-B25+(C25<B25))*24*60 -> 0 | F25: =IF(E25=0,0,(F39/J3*60)) -> 0 | G25: =IF($K25=0,0,(K25*100)/(D25*$J$3/60)) -> 0 | H25: =R19+R26 -> 0 | I25: =D25-F25-R27 -> 0 | J25: =(D25-H25)/60*E25 -> 0 | K25: =F39 -> 0 | L25: =IF($K25=0,0,K25/J25) -> 0 | N25: ЛОГИСТИЧЕСКИЕ | P25: =SUM(Y46:Y57) -> 0 | Q25: =SUM(Y58:Y68) -> 0 | R25: =SUM(Y69:Y79) -> 0 | S25: =SUM(Y80:Y90) -> 0 | T25: =SUM(Y91:Y101) -> 0 | U25: =SUM(Y102:Y112) -> 0 | V25: =P25+Q25+R25+S25+T25+U25 -> 0
L26: =K25-J25 -> 0 | N26: ОБЩЕЗАВОДСКИЕ | P26: =SUM(Z46:Z57) -> 0 | Q26: =SUM(Z58:Z68) -> 0 | R26: =SUM(Z69:Z79) -> 0 | S26: =SUM(Z80:Z90) -> 0 | T26: =SUM(Z91:Z101) -> 0 | U26: =SUM(Z102:Z112) -> 0 | V26: =P26+Q26+R26+S26+T26+U26 -> 0
A27: =A40 -> 0 | D27: =(C27-B27+(C27<B27))*24*60 -> 0 | F27: =IF(E27=0,0,(F40/J3*60)) -> 0 | G27: =IF($K27=0,0,(K27*100)/(D27*$J$3/60)) -> 0 | H27: =S19+S26 -> 0 | I27: =D27-F27-S27 -> 0 | J27: =(D27-H27)/60*E27 -> 0 | K27: =F40 -> 0 | L27: =IF($K27=0,0,K27/J27) -> 0 | N27: ИТОГО | P27: =SUM(P18:P26) -> 233 | Q27: =SUM(Q18:Q26) -> 0 | R27: =SUM(R18:R26) -> 0 | S27: =SUM(S18:S26) -> 0 | T27: =SUM(T18:T26) -> 0 | U27: =SUM(U18:U26) -> 0 | V27: =P27+Q27+R27+S27+T27+U27 -> 233
L28: =K27-J27 -> 0
A29: =A41 -> 0 | D29: =(C29-B29+(C29<B29))*24*60 -> 0 | F29: =IF(E29=0,0,(F41/J3*60)) -> 0 | G29: =IF($K29=0,0,(K29*100)/(D29*$J$3/60)) -> 0 | H29: =T19+T26 -> 0 | I29: =D29-F29-T27 -> 0 | J29: =(D29-H29)/60*E29 -> 0 | K29: =F41 -> 0 | L29: =IF($K29=0,0,K29/J29) -> 0
L30: =K29-J29 -> 0
A31: =A42 -> 0 | D31: =(C31-B31+(C31<B31))*24*60 -> 0 | F31: =IF(E31=0,0,(F42/J3*60)) -> 0 | G31: =IF($K31=0,0,(K31*100)/(D31*$J$3/60)) -> 0 | H31: =U19+U26 -> 0 | I31: =D31-F31-U27 -> 0 | J31: =(D31-H31)/60*E31 -> 0 | K31: =F42 -> 0 | L31: =IF($K31=0,0,K31/J31) -> 0
L32: =K31-J31 -> 0
A33: НАИМЕНОВАНИЕ И КОЛИЧЕСТВО ПРОИЗВЕДЕННОЙ ПРОДУКЦИИ (ЗАПОЛНЯЕТСЯ МАСТЕРОМ) | J33: Итого план | K33: Итого факт | L33: =IF($K34=0,0,K34/J34) -> 0.71438571
J34: =J21+J23+J25+J27+J29+J31 -> 46666.667 | K34: =K21+K23+K25+K27+K29+K31 -> 33338
A35: Наименование продукции, формат | F35: Выпуск по счетчику | G35: Сдано на склад ГП | L35: Средний коэффициент по смене
A37: нектар тыква гранде 0,75 | F37: 33338 | G37: 30240 | K37: =G37 -> 30240
K38: =G38 -> 0
K39: =G39 -> 0
K40: =G40 -> 0
K41: =G41 -> 0
K42: =G42 -> 0
A43: ИТОГО СДАНО НА СКЛАД ПРОДУКЦИИ | K43: =SUM(K37:K42) -> 30240 | L43: =SUM(L38+L38) -> 0
A45: Наименование продукции, формат | B45: Время, час | D45: Объем производства, шт | E45: Автомат | F45: Описание простоя, причины | H45: Вид простоя | I45: Период простоя | K45: Время (мин) | L45: Корректирующие мероприятия | O45: Ответственный | P45: Сроки | Q45: Статус выполнения | S45: ПРОСТОИ
I46: Начало | J46: Конец | S46: ПЛАНОВЫЕ | T46: ПРОИЗВОДСТВЕННЫЕ | U46: ТЕХНИЧЕСКИЕ | V46: ТЕХНОЛОГИЧЕСКИЕ | W46: ЛАБОРАТОРНЫЕ | X46: СЫРЬЕВЫЕ | Y46: ЛОГИСТИЧЕСКИЕ | Z46: ОБЩЕЗАВОДСКИЕ
A47: =A37 -> нектар тыква гранде 0,75 | B47: =B21 -> 0.33333333 | C47: =B47+1/24 -> 0.375 | F47: настройка чз | H47: технические | I47: 0.33333333 | J47: 0.41319444 | K47: =(J47-I47+(J47<I47))*24*60 -> 115 | L47: не читает сканер | O47: =IF(H47=$V$5,$F$7,"") -> Касьяненко | S47: =IF($H47="ПЛАНОВЫЕ",$K47,0) -> 0 | T47: =IF($H47="ПРОИЗВОДСТВЕННЫЕ",$K47,0) -> 0 | U47: =IF($H47="ТЕХНИЧЕСКИЕ",$K47,0) -> 115 | V47: =IF($H47="ТЕХНОЛОГИЧЕСКИЕ",$K47,0) -> 0 | W47: =IF($H47="ЛАБОРАТОРНЫЕ",$K47,0) -> 0 | X47: =IF($H47="СЫРЬЕВЫЕ",$K47,0) -> 0 | Y47: =IF($H47="ЛОГИСТИЧЕСКИЕ",$K47,0) -> 0 | Z47: =IF($H47="ОБЩЕЗАВОДСКИЕ",$K47,0) -> 0
B48: =C47 -> 0.375 | C48: =B48+1/24 -> 0.41666667 | F48: бой тары | H48: производственные | I48: 0.44513889 | J48: 0.45555556 | K48: =(J48-I48+(J48<I48))*24*60 -> 15 | L48: бой стекла на мойке (уборка стекла) | O48: =IF(H48=$V$5,$F$7,"") | S48: =IF($H48="ПЛАНОВЫЕ",$K48,0) -> 0 | T48: =IF($H48="ПРОИЗВОДСТВЕННЫЕ",$K48,0) -> 15 | U48: =IF($H48="ТЕХНИЧЕСКИЕ",$K48,0) -> 0 | V48: =IF($H48="ТЕХНОЛОГИЧЕСКИЕ",$K48,0) -> 0 | W48: =IF($H48="ЛАБОРАТОРНЫЕ",$K48,0) -> 0 | X48: =IF($H48="СЫРЬЕВЫЕ",$K48,0) -> 0 | Y48: =IF($H48="ЛОГИСТИЧЕСКИЕ",$K48,0) -> 0 | Z48: =IF($H48="ОБЩЕЗАВОДСКИЕ",$K48,0) -> 0
B49: =C48 -> 0.41666667 | C49: =B49+1/24 -> 0.45833333 | F49: настройка омыватель | H49: технические | I49: 0.50833333 | J49: 0.52430556 | K49: =(J49-I49+(J49<I49))*24*60 -> 23 | L49: в мойке роняет бутылки | O49: =IF(H49=$V$5,$F$7,"") -> Касьяненко | S49: =IF($H49="ПЛАНОВЫЕ",$K49,0) -> 0 | T49: =IF($H49="ПРОИЗВОДСТВЕННЫЕ",$K49,0) -> 0 | U49: =IF($H49="ТЕХНИЧЕСКИЕ",$K49,0) -> 23 | V49: =IF($H49="ТЕХНОЛОГИЧЕСКИЕ",$K49,0) -> 0 | W49: =IF($H49="ЛАБОРАТОРНЫЕ",$K49,0) -> 0 | X49: =IF($H49="СЫРЬЕВЫЕ",$K49,0) -> 0 | Y49: =IF($H49="ЛОГИСТИЧЕСКИЕ",$K49,0) -> 0 | Z49: =IF($H49="ОБЩЕЗАВОДСКИЕ",$K49,0) -> 0
B50: =C49 -> 0.45833333 | C50: =B50+1/24 -> 0.5 | F50: подача бутылки в ручную | H50: технические | I50: 0.53958333 | J50: 0.58125 | K50: =(J50-I50+(J50<I50))*24*60 -> 60 | L50: нет воздуха | O50: =IF(H50=$V$5,$F$7,"") -> Касьяненко | S50: =IF($H50="ПЛАНОВЫЕ",$K50,0) -> 0 | T50: =IF($H50="ПРОИЗВОДСТВЕННЫЕ",$K50,0) -> 0 | U50: =IF($H50="ТЕХНИЧЕСКИЕ",$K50,0) -> 60 | V50: =IF($H50="ТЕХНОЛОГИЧЕСКИЕ",$K50,0) -> 0 | W50: =IF($H50="ЛАБОРАТОРНЫЕ",$K50,0) -> 0 | X50: =IF($H50="СЫРЬЕВЫЕ",$K50,0) -> 0 | Y50: =IF($H50="ЛОГИСТИЧЕСКИЕ",$K50,0) -> 0 | Z50: =IF($H50="ОБЩЕЗАВОДСКИЕ",$K50,0) -> 0
B51: =C50 -> 0.5 | C51: =B51+1/24 -> 0.54166667 | F51: смена этикетка | H51: плановые | I51: 0.59027778 | J51: 0.59722222 | K51: =(J51-I51+(J51<I51))*24*60 -> 10 | O51: =IF(H51=$V$5,$F$7,"") | S51: =IF($H51="ПЛАНОВЫЕ",$K51,0) -> 10 | T51: =IF($H51="ПРОИЗВОДСТВЕННЫЕ",$K51,0) -> 0 | U51: =IF($H51="ТЕХНИЧЕСКИЕ",$K51,0) -> 0 | V51: =IF($H51="ТЕХНОЛОГИЧЕСКИЕ",$K51,0) -> 0 | W51: =IF($H51="ЛАБОРАТОРНЫЕ",$K51,0) -> 0 | X51: =IF($H51="СЫРЬЕВЫЕ",$K51,0) -> 0 | Y51: =IF($H51="ЛОГИСТИЧЕСКИЕ",$K51,0) -> 0 | Z51: =IF($H51="ОБЩЕЗАВОДСКИЕ",$K51,0) -> 0
B52: =C51 -> 0.54166667 | C52: =B52+1/24 -> 0.58333333 | F52: смена пленка | H52: плановые | I52: 0.62638889 | J52: 0.63333333 | K52: =(J52-I52+(J52<I52))*24*60 -> 10 | O52: =IF(H52=$V$5,$F$7,"") | S52: =IF($H52="ПЛАНОВЫЕ",$K52,0) -> 10 | T52: =IF($H52="ПРОИЗВОДСТВЕННЫЕ",$K52,0) -> 0 | U52: =IF($H52="ТЕХНИЧЕСКИЕ",$K52,0) -> 0 | V52: =IF($H52="ТЕХНОЛОГИЧЕСКИЕ",$K52,0) -> 0 | W52: =IF($H52="ЛАБОРАТОРНЫЕ",$K52,0) -> 0 | X52: =IF($H52="СЫРЬЕВЫЕ",$K52,0) -> 0 | Y52: =IF($H52="ЛОГИСТИЧЕСКИЕ",$K52,0) -> 0 | Z52: =IF($H52="ОБЩЕЗАВОДСКИЕ",$K52,0) -> 0
B53: =C52 -> 0.58333333 | C53: =B53+1/24 -> 0.625 | K53: =(J53-I53+(J53<I53))*24*60 -> 0 | O53: =IF(H53=$V$5,$F$7,"") | S53: =IF($H53="ПЛАНОВЫЕ",$K53,0) -> 0 | T53: =IF($H53="ПРОИЗВОДСТВЕННЫЕ",$K53,0) -> 0 | U53: =IF($H53="ТЕХНИЧЕСКИЕ",$K53,0) -> 0 | V53: =IF($H53="ТЕХНОЛОГИЧЕСКИЕ",$K53,0) -> 0 | W53: =IF($H53="ЛАБОРАТОРНЫЕ",$K53,0) -> 0 | X53: =IF($H53="СЫРЬЕВЫЕ",$K53,0) -> 0 | Y53: =IF($H53="ЛОГИСТИЧЕСКИЕ",$K53,0) -> 0 | Z53: =IF($H53="ОБЩЕЗАВОДСКИЕ",$K53,0) -> 0
B54: =C53 -> 0.625 | C54: =B54+1/24 -> 0.66666667 | K54: =(J54-I54+(J54<I54))*24*60 -> 0 | O54: =IF(H54=$V$5,$F$7,"") | S54: =IF($H54="ПЛАНОВЫЕ",$K54,0) -> 0 | T54: =IF($H54="ПРОИЗВОДСТВЕННЫЕ",$K54,0) -> 0 | U54: =IF($H54="ТЕХНИЧЕСКИЕ",$K54,0) -> 0 | V54: =IF($H54="ТЕХНОЛОГИЧЕСКИЕ",$K54,0) -> 0 | W54: =IF($H54="ЛАБОРАТОРНЫЕ",$K54,0) -> 0 | X54: =IF($H54="СЫРЬЕВЫЕ",$K54,0) -> 0 | Y54: =IF($H54="ЛОГИСТИЧЕСКИЕ",$K54,0) -> 0 | Z54: =IF($H54="ОБЩЕЗАВОДСКИЕ",$K54,0) -> 0
B55: =C54 -> 0.66666667 | C55: =B55+1/24 -> 0.70833333 | K55: =(J55-I55+(J55<I55))*24*60 -> 0 | O55: =IF(H55=$V$5,$F$7,"") | S55: =IF($H55="ПЛАНОВЫЕ",$K55,0) -> 0 | T55: =IF($H55="ПРОИЗВОДСТВЕННЫЕ",$K55,0) -> 0 | U55: =IF($H55="ТЕХНИЧЕСКИЕ",$K55,0) -> 0 | V55: =IF($H55="ТЕХНОЛОГИЧЕСКИЕ",$K55,0) -> 0 | W55: =IF($H55="ЛАБОРАТОРНЫЕ",$K55,0) -> 0 | X55: =IF($H55="СЫРЬЕВЫЕ",$K55,0) -> 0 | Y55: =IF($H55="ЛОГИСТИЧЕСКИЕ",$K55,0) -> 0 | Z55: =IF($H55="ОБЩЕЗАВОДСКИЕ",$K55,0) -> 0
B56: =C55 -> 0.70833333 | C56: =B56+1/24 -> 0.75 | K56: =(J56-I56+(J56<I56))*24*60 -> 0 | O56: =IF(H56=$V$5,$F$7,"") | S56: =IF($H56="ПЛАНОВЫЕ",$K56,0) -> 0 | T56: =IF($H56="ПРОИЗВОДСТВЕННЫЕ",$K56,0) -> 0 | U56: =IF($H56="ТЕХНИЧЕСКИЕ",$K56,0) -> 0 | V56: =IF($H56="ТЕХНОЛОГИЧЕСКИЕ",$K56,0) -> 0 | W56: =IF($H56="ЛАБОРАТОРНЫЕ",$K56,0) -> 0 | X56: =IF($H56="СЫРЬЕВЫЕ",$K56,0) -> 0 | Y56: =IF($H56="ЛОГИСТИЧЕСКИЕ",$K56,0) -> 0 | Z56: =IF($H56="ОБЩЕЗАВОДСКИЕ",$K56,0) -> 0
B57: =C56 -> 0.75 | C57: =B57+1/24 -> 0.79166667 | K57: =(J57-I57+(J57<I57))*24*60 -> 0 | O57: =IF(H57=$V$5,$F$7,"") | S57: =IF($H57="ПЛАНОВЫЕ",$K57,0) -> 0 | T57: =IF($H57="ПРОИЗВОДСТВЕННЫЕ",$K57,0) -> 0 | U57: =IF($H57="ТЕХНИЧЕСКИЕ",$K57,0) -> 0 | V57: =IF($H57="ТЕХНОЛОГИЧЕСКИЕ",$K57,0) -> 0 | W57: =IF($H57="ЛАБОРАТОРНЫЕ",$K57,0) -> 0 | X57: =IF($H57="СЫРЬЕВЫЕ",$K57,0) -> 0 | Y57: =IF($H57="ЛОГИСТИЧЕСКИЕ",$K57,0) -> 0 | Z57: =IF($H57="ОБЩЕЗАВОДСКИЕ",$K57,0) -> 0
B58: =C57 -> 0.79166667 | C58: =B58+1/24 -> 0.83333333 | K58: =(J58-I58+(J58<I58))*24*60 -> 0 | O58: =IF(H58=$V$5,$F$7,"") | S58: =IF($H58="ПЛАНОВЫЕ",$K58,0) -> 0 | T58: =IF($H58="ПРОИЗВОДСТВЕННЫЕ",$K58,0) -> 0 | U58: =IF($H58="ТЕХНИЧЕСКИЕ",$K58,0) -> 0 | V58: =IF($H58="ТЕХНОЛОГИЧЕСКИЕ",$K58,0) -> 0 | W58: =IF($H58="ЛАБОРАТОРНЫЕ",$K58,0) -> 0 | X58: =IF($H58="СЫРЬЕВЫЕ",$K58,0) -> 0 | Y58: =IF($H58="ЛОГИСТИЧЕСКИЕ",$K58,0) -> 0 | Z58: =IF($H58="ОБЩЕЗАВОДСКИЕ",$K58,0) -> 0
A59: =A38 -> 0 | B59: =B23 -> 0 | C59: =B59+1/24 -> 0.041666667 | K59: =(J59-I59+(J59<I59))*24*60 -> 0 | O59: =IF(H59=$V$5,$F$7,"") | S59: =IF($H59="ПЛАНОВЫЕ",$K59,0) -> 0 | T59: =IF($H59="ПРОИЗВОДСТВЕННЫЕ",$K59,0) -> 0 | U59: =IF($H59="ТЕХНИЧЕСКИЕ",$K59,0) -> 0 | V59: =IF($H59="ТЕХНОЛОГИЧЕСКИЕ",$K59,0) -> 0 | W59: =IF($H59="ЛАБОРАТОРНЫЕ",$K59,0) -> 0 | X59: =IF($H59="СЫРЬЕВЫЕ",$K59,0) -> 0 | Y59: =IF($H59="ЛОГИСТИЧЕСКИЕ",$K59,0) -> 0 | Z59: =IF($H59="ОБЩЕЗАВОДСКИЕ",$K59,0) -> 0
B60: =C59 -> 0.041666667 | C60: =B60+1/24 -> 0.083333333 | K60: =(J60-I60+(J60<I60))*24*60 -> 0 | O60: =IF(H60=$V$5,$F$7,"") | S60: =IF($H60="ПЛАНОВЫЕ",$K60,0) -> 0 | T60: =IF($H60="ПРОИЗВОДСТВЕННЫЕ",$K60,0) -> 0 | U60: =IF($H60="ТЕХНИЧЕСКИЕ",$K60,0) -> 0 | V60: =IF($H60="ТЕХНОЛОГИЧЕСКИЕ",$K60,0) -> 0 | W60: =IF($H60="ЛАБОРАТОРНЫЕ",$K60,0) -> 0 | X60: =IF($H60="СЫРЬЕВЫЕ",$K60,0) -> 0 | Y60: =IF($H60="ЛОГИСТИЧЕСКИЕ",$K60,0) -> 0 | Z60: =IF($H60="ОБЩЕЗАВОДСКИЕ",$K60,0) -> 0
B61: =C60 -> 0.083333333 | C61: =B61+1/24 -> 0.125 | K61: =(J61-I61+(J61<I61))*24*60 -> 0 | O61: =IF(H61=$V$5,$F$7,"") | S61: =IF($H61="ПЛАНОВЫЕ",$K61,0) -> 0 | T61: =IF($H61="ПРОИЗВОДСТВЕННЫЕ",$K61,0) -> 0 | U61: =IF($H61="ТЕХНИЧЕСКИЕ",$K61,0) -> 0 | V61: =IF($H61="ТЕХНОЛОГИЧЕСКИЕ",$K61,0) -> 0 | W61: =IF($H61="ЛАБОРАТОРНЫЕ",$K61,0) -> 0 | X61: =IF($H61="СЫРЬЕВЫЕ",$K61,0) -> 0 | Y61: =IF($H61="ЛОГИСТИЧЕСКИЕ",$K61,0) -> 0 | Z61: =IF($H61="ОБЩЕЗАВОДСКИЕ",$K61,0) -> 0
B62: =C61 -> 0.125 | C62: =B62+1/24 -> 0.16666667 | K62: =(J62-I62+(J62<I62))*24*60 -> 0 | O62: =IF(H62=$V$5,$F$7,"") | S62: =IF($H62="ПЛАНОВЫЕ",$K62,0) -> 0 | T62: =IF($H62="ПРОИЗВОДСТВЕННЫЕ",$K62,0) -> 0 | U62: =IF($H62="ТЕХНИЧЕСКИЕ",$K62,0) -> 0 | V62: =IF($H62="ТЕХНОЛОГИЧЕСКИЕ",$K62,0) -> 0 | W62: =IF($H62="ЛАБОРАТОРНЫЕ",$K62,0) -> 0 | X62: =IF($H62="СЫРЬЕВЫЕ",$K62,0) -> 0 | Y62: =IF($H62="ЛОГИСТИЧЕСКИЕ",$K62,0) -> 0 | Z62: =IF($H62="ОБЩЕЗАВОДСКИЕ",$K62,0) -> 0
B63: =C62 -> 0.16666667 | C63: =B63+1/24 -> 0.20833333 | K63: =(J63-I63+(J63<I63))*24*60 -> 0 | O63: =IF(H63=$V$5,$F$7,"") | S63: =IF($H63="ПЛАНОВЫЕ",$K63,0) -> 0 | T63: =IF($H63="ПРОИЗВОДСТВЕННЫЕ",$K63,0) -> 0 | U63: =IF($H63="ТЕХНИЧЕСКИЕ",$K63,0) -> 0 | V63: =IF($H63="ТЕХНОЛОГИЧЕСКИЕ",$K63,0) -> 0 | W63: =IF($H63="ЛАБОРАТОРНЫЕ",$K63,0) -> 0 | X63: =IF($H63="СЫРЬЕВЫЕ",$K63,0) -> 0 | Y63: =IF($H63="ЛОГИСТИЧЕСКИЕ",$K63,0) -> 0 | Z63: =IF($H63="ОБЩЕЗАВОДСКИЕ",$K63,0) -> 0
B64: =C63 -> 0.20833333 | C64: =B64+1/24 -> 0.25 | K64: =(J64-I64+(J64<I64))*24*60 -> 0 | O64: =IF(H64=$V$5,$F$7,"") | S64: =IF($H64="ПЛАНОВЫЕ",$K64,0) -> 0 | T64: =IF($H64="ПРОИЗВОДСТВЕННЫЕ",$K64,0) -> 0 | U64: =IF($H64="ТЕХНИЧЕСКИЕ",$K64,0) -> 0 | V64: =IF($H64="ТЕХНОЛОГИЧЕСКИЕ",$K64,0) -> 0 | W64: =IF($H64="ЛАБОРАТОРНЫЕ",$K64,0) -> 0 | X64: =IF($H64="СЫРЬЕВЫЕ",$K64,0) -> 0 | Y64: =IF($H64="ЛОГИСТИЧЕСКИЕ",$K64,0) -> 0 | Z64: =IF($H64="ОБЩЕЗАВОДСКИЕ",$K64,0) -> 0
B65: =C64 -> 0.25 | C65: =B65+1/24 -> 0.29166667 | K65: =(J65-I65+(J65<I65))*24*60 -> 0 | O65: =IF(H65=$V$5,$F$7,"") | S65: =IF($H65="ПЛАНОВЫЕ",$K65,0) -> 0 | T65: =IF($H65="ПРОИЗВОДСТВЕННЫЕ",$K65,0) -> 0 | U65: =IF($H65="ТЕХНИЧЕСКИЕ",$K65,0) -> 0 | V65: =IF($H65="ТЕХНОЛОГИЧЕСКИЕ",$K65,0) -> 0 | W65: =IF($H65="ЛАБОРАТОРНЫЕ",$K65,0) -> 0 | X65: =IF($H65="СЫРЬЕВЫЕ",$K65,0) -> 0 | Y65: =IF($H65="ЛОГИСТИЧЕСКИЕ",$K65,0) -> 0 | Z65: =IF($H65="ОБЩЕЗАВОДСКИЕ",$K65,0) -> 0
B66: =C65 -> 0.29166667 | C66: =B66+1/24 -> 0.33333333 | K66: =(J66-I66+(J66<I66))*24*60 -> 0 | O66: =IF(H66=$V$5,$F$7,"") | S66: =IF($H66="ПЛАНОВЫЕ",$K66,0) -> 0 | T66: =IF($H66="ПРОИЗВОДСТВЕННЫЕ",$K66,0) -> 0 | U66: =IF($H66="ТЕХНИЧЕСКИЕ",$K66,0) -> 0 | V66: =IF($H66="ТЕХНОЛОГИЧЕСКИЕ",$K66,0) -> 0 | W66: =IF($H66="ЛАБОРАТОРНЫЕ",$K66,0) -> 0 | X66: =IF($H66="СЫРЬЕВЫЕ",$K66,0) -> 0 | Y66: =IF($H66="ЛОГИСТИЧЕСКИЕ",$K66,0) -> 0 | Z66: =IF($H66="ОБЩЕЗАВОДСКИЕ",$K66,0) -> 0
B67: =C66 -> 0.33333333 | C67: =B67+1/24 -> 0.375 | K67: =(J67-I67+(J67<I67))*24*60 -> 0 | O67: =IF(H67=$V$5,$F$7,"") | S67: =IF($H67="ПЛАНОВЫЕ",$K67,0) -> 0 | T67: =IF($H67="ПРОИЗВОДСТВЕННЫЕ",$K67,0) -> 0 | U67: =IF($H67="ТЕХНИЧЕСКИЕ",$K67,0) -> 0 | V67: =IF($H67="ТЕХНОЛОГИЧЕСКИЕ",$K67,0) -> 0 | W67: =IF($H67="ЛАБОРАТОРНЫЕ",$K67,0) -> 0 | X67: =IF($H67="СЫРЬЕВЫЕ",$K67,0) -> 0 | Y67: =IF($H67="ЛОГИСТИЧЕСКИЕ",$K67,0) -> 0 | Z67: =IF($H67="ОБЩЕЗАВОДСКИЕ",$K67,0) -> 0
B68: =C67 -> 0.375 | C68: =B68+1/24 -> 0.41666667 | K68: =(J68-I68+(J68<I68))*24*60 -> 0 | O68: =IF(H68=$V$5,$F$7,"") | S68: =IF($H68="ПЛАНОВЫЕ",$K68,0) -> 0 | T68: =IF($H68="ПРОИЗВОДСТВЕННЫЕ",$K68,0) -> 0 | U68: =IF($H68="ТЕХНИЧЕСКИЕ",$K68,0) -> 0 | V68: =IF($H68="ТЕХНОЛОГИЧЕСКИЕ",$K68,0) -> 0 | W68: =IF($H68="ЛАБОРАТОРНЫЕ",$K68,0) -> 0 | X68: =IF($H68="СЫРЬЕВЫЕ",$K68,0) -> 0 | Y68: =IF($H68="ЛОГИСТИЧЕСКИЕ",$K68,0) -> 0 | Z68: =IF($H68="ОБЩЕЗАВОДСКИЕ",$K68,0) -> 0
B69: =C68 -> 0.41666667 | C69: =B69+1/24 -> 0.45833333 | K69: =(J69-I69+(J69<I69))*24*60 -> 0 | O69: =IF(H69=$V$5,$F$7,"") | S69: =IF($H69="ПЛАНОВЫЕ",$K69,0) -> 0 | T69: =IF($H69="ПРОИЗВОДСТВЕННЫЕ",$K69,0) -> 0 | U69: =IF($H69="ТЕХНИЧЕСКИЕ",$K69,0) -> 0 | V69: =IF($H69="ТЕХНОЛОГИЧЕСКИЕ",$K69,0) -> 0 | W69: =IF($H69="ЛАБОРАТОРНЫЕ",$K69,0) -> 0 | X69: =IF($H69="СЫРЬЕВЫЕ",$K69,0) -> 0 | Y69: =IF($H69="ЛОГИСТИЧЕСКИЕ",$K69,0) -> 0 | Z69: =IF($H69="ОБЩЕЗАВОДСКИЕ",$K69,0) -> 0
A70: =A39 -> 0 | B70: =B25 -> 0 | C70: =B70+1/24 -> 0.041666667 | K70: =(J70-I70+(J70<I70))*24*60 -> 0 | O70: =IF(H70=$V$5,$F$7,"") | S70: =IF($H70="ПЛАНОВЫЕ",$K70,0) -> 0 | T70: =IF($H70="ПРОИЗВОДСТВЕННЫЕ",$K70,0) -> 0 | U70: =IF($H70="ТЕХНИЧЕСКИЕ",$K70,0) -> 0 | V70: =IF($H70="ТЕХНОЛОГИЧЕСКИЕ",$K70,0) -> 0 | W70: =IF($H70="ЛАБОРАТОРНЫЕ",$K70,0) -> 0 | X70: =IF($H70="СЫРЬЕВЫЕ",$K70,0) -> 0 | Y70: =IF($H70="ЛОГИСТИЧЕСКИЕ",$K70,0) -> 0 | Z70: =IF($H70="ОБЩЕЗАВОДСКИЕ",$K70,0) -> 0
B71: =C70 -> 0.041666667 | C71: =B71+1/24 -> 0.083333333 | K71: =(J71-I71+(J71<I71))*24*60 -> 0 | O71: =IF(H71=$V$5,$F$7,"") | S71: =IF($H71="ПЛАНОВЫЕ",$K71,0) -> 0 | T71: =IF($H71="ПРОИЗВОДСТВЕННЫЕ",$K71,0) -> 0 | U71: =IF($H71="ТЕХНИЧЕСКИЕ",$K71,0) -> 0 | V71: =IF($H71="ТЕХНОЛОГИЧЕСКИЕ",$K71,0) -> 0 | W71: =IF($H71="ЛАБОРАТОРНЫЕ",$K71,0) -> 0 | X71: =IF($H71="СЫРЬЕВЫЕ",$K71,0) -> 0 | Y71: =IF($H71="ЛОГИСТИЧЕСКИЕ",$K71,0) -> 0 | Z71: =IF($H71="ОБЩЕЗАВОДСКИЕ",$K71,0) -> 0
B72: =C71 -> 0.083333333 | C72: =B72+1/24 -> 0.125 | K72: =(J72-I72+(J72<I72))*24*60 -> 0 | O72: =IF(H72=$V$5,$F$7,"") | S72: =IF($H72="ПЛАНОВЫЕ",$K72,0) -> 0 | T72: =IF($H72="ПРОИЗВОДСТВЕННЫЕ",$K72,0) -> 0 | U72: =IF($H72="ТЕХНИЧЕСКИЕ",$K72,0) -> 0 | V72: =IF($H72="ТЕХНОЛОГИЧЕСКИЕ",$K72,0) -> 0 | W72: =IF($H72="ЛАБОРАТОРНЫЕ",$K72,0) -> 0 | X72: =IF($H72="СЫРЬЕВЫЕ",$K72,0) -> 0 | Y72: =IF($H72="ЛОГИСТИЧЕСКИЕ",$K72,0) -> 0 | Z72: =IF($H72="ОБЩЕЗАВОДСКИЕ",$K72,0) -> 0
B73: =C72 -> 0.125 | C73: =B73+1/24 -> 0.16666667 | K73: =(J73-I73+(J73<I73))*24*60 -> 0 | O73: =IF(H73=$V$5,$F$7,"") | S73: =IF($H73="ПЛАНОВЫЕ",$K73,0) -> 0 | T73: =IF($H73="ПРОИЗВОДСТВЕННЫЕ",$K73,0) -> 0 | U73: =IF($H73="ТЕХНИЧЕСКИЕ",$K73,0) -> 0 | V73: =IF($H73="ТЕХНОЛОГИЧЕСКИЕ",$K73,0) -> 0 | W73: =IF($H73="ЛАБОРАТОРНЫЕ",$K73,0) -> 0 | X73: =IF($H73="СЫРЬЕВЫЕ",$K73,0) -> 0 | Y73: =IF($H73="ЛОГИСТИЧЕСКИЕ",$K73,0) -> 0 | Z73: =IF($H73="ОБЩЕЗАВОДСКИЕ",$K73,0) -> 0
B74: =C73 -> 0.16666667 | C74: =B74+1/24 -> 0.20833333 | K74: =(J74-I74+(J74<I74))*24*60 -> 0 | O74: =IF(H74=$V$5,$F$7,"") | S74: =IF($H74="ПЛАНОВЫЕ",$K74,0) -> 0 | T74: =IF($H74="ПРОИЗВОДСТВЕННЫЕ",$K74,0) -> 0 | U74: =IF($H74="ТЕХНИЧЕСКИЕ",$K74,0) -> 0 | V74: =IF($H74="ТЕХНОЛОГИЧЕСКИЕ",$K74,0) -> 0 | W74: =IF($H74="ЛАБОРАТОРНЫЕ",$K74,0) -> 0 | X74: =IF($H74="СЫРЬЕВЫЕ",$K74,0) -> 0 | Y74: =IF($H74="ЛОГИСТИЧЕСКИЕ",$K74,0) -> 0 | Z74: =IF($H74="ОБЩЕЗАВОДСКИЕ",$K74,0) -> 0
B75: =C74 -> 0.20833333 | C75: =B75+1/24 -> 0.25 | K75: =(J75-I75+(J75<I75))*24*60 -> 0 | O75: =IF(H75=$V$5,$F$7,"") | S75: =IF($H75="ПЛАНОВЫЕ",$K75,0) -> 0 | T75: =IF($H75="ПРОИЗВОДСТВЕННЫЕ",$K75,0) -> 0 | U75: =IF($H75="ТЕХНИЧЕСКИЕ",$K75,0) -> 0 | V75: =IF($H75="ТЕХНОЛОГИЧЕСКИЕ",$K75,0) -> 0 | W75: =IF($H75="ЛАБОРАТОРНЫЕ",$K75,0) -> 0 | X75: =IF($H75="СЫРЬЕВЫЕ",$K75,0) -> 0 | Y75: =IF($H75="ЛОГИСТИЧЕСКИЕ",$K75,0) -> 0 | Z75: =IF($H75="ОБЩЕЗАВОДСКИЕ",$K75,0) -> 0
B76: =C75 -> 0.25 | C76: =B76+1/24 -> 0.29166667 | K76: =(J76-I76+(J76<I76))*24*60 -> 0 | O76: =IF(H76=$V$5,$F$7,"") | S76: =IF($H76="ПЛАНОВЫЕ",$K76,0) -> 0 | T76: =IF($H76="ПРОИЗВОДСТВЕННЫЕ",$K76,0) -> 0 | U76: =IF($H76="ТЕХНИЧЕСКИЕ",$K76,0) -> 0 | V76: =IF($H76="ТЕХНОЛОГИЧЕСКИЕ",$K76,0) -> 0 | W76: =IF($H76="ЛАБОРАТОРНЫЕ",$K76,0) -> 0 | X76: =IF($H76="СЫРЬЕВЫЕ",$K76,0) -> 0 | Y76: =IF($H76="ЛОГИСТИЧЕСКИЕ",$K76,0) -> 0 | Z76: =IF($H76="ОБЩЕЗАВОДСКИЕ",$K76,0) -> 0
B77: =C76 -> 0.29166667 | C77: =B77+1/24 -> 0.33333333 | K77: =(J77-I77+(J77<I77))*24*60 -> 0 | O77: =IF(H77=$V$5,$F$7,"") | S77: =IF($H77="ПЛАНОВЫЕ",$K77,0) -> 0 | T77: =IF($H77="ПРОИЗВОДСТВЕННЫЕ",$K77,0) -> 0 | U77: =IF($H77="ТЕХНИЧЕСКИЕ",$K77,0) -> 0 | V77: =IF($H77="ТЕХНОЛОГИЧЕСКИЕ",$K77,0) -> 0 | W77: =IF($H77="ЛАБОРАТОРНЫЕ",$K77,0) -> 0 | X77: =IF($H77="СЫРЬЕВЫЕ",$K77,0) -> 0 | Y77: =IF($H77="ЛОГИСТИЧЕСКИЕ",$K77,0) -> 0 | Z77: =IF($H77="ОБЩЕЗАВОДСКИЕ",$K77,0) -> 0
B78: =C77 -> 0.33333333 | C78: =B78+1/24 -> 0.375 | K78: =(J78-I78+(J78<I78))*24*60 -> 0 | O78: =IF(H78=$V$5,$F$7,"") | S78: =IF($H78="ПЛАНОВЫЕ",$K78,0) -> 0 | T78: =IF($H78="ПРОИЗВОДСТВЕННЫЕ",$K78,0) -> 0 | U78: =IF($H78="ТЕХНИЧЕСКИЕ",$K78,0) -> 0 | V78: =IF($H78="ТЕХНОЛОГИЧЕСКИЕ",$K78,0) -> 0 | W78: =IF($H78="ЛАБОРАТОРНЫЕ",$K78,0) -> 0 | X78: =IF($H78="СЫРЬЕВЫЕ",$K78,0) -> 0 | Y78: =IF($H78="ЛОГИСТИЧЕСКИЕ",$K78,0) -> 0 | Z78: =IF($H78="ОБЩЕЗАВОДСКИЕ",$K78,0) -> 0
B79: =C78 -> 0.375 | C79: =B79+1/24 -> 0.41666667 | K79: =(J79-I79+(J79<I79))*24*60 -> 0 | O79: =IF(H79=$V$5,$F$7,"") | S79: =IF($H79="ПЛАНОВЫЕ",$K79,0) -> 0 | T79: =IF($H79="ПРОИЗВОДСТВЕННЫЕ",$K79,0) -> 0 | U79: =IF($H79="ТЕХНИЧЕСКИЕ",$K79,0) -> 0 | V79: =IF($H79="ТЕХНОЛОГИЧЕСКИЕ",$K79,0) -> 0 | W79: =IF($H79="ЛАБОРАТОРНЫЕ",$K79,0) -> 0 | X79: =IF($H79="СЫРЬЕВЫЕ",$K79,0) -> 0 | Y79: =IF($H79="ЛОГИСТИЧЕСКИЕ",$K79,0) -> 0 | Z79: =IF($H79="ОБЩЕЗАВОДСКИЕ",$K79,0) -> 0
B80: =C79 -> 0.41666667 | C80: =B80+1/24 -> 0.45833333 | K80: =(J80-I80+(J80<I80))*24*60 -> 0 | O80: =IF(H80=$V$5,$F$7,"") | S80: =IF($H80="ПЛАНОВЫЕ",$K80,0) -> 0 | T80: =IF($H80="ПРОИЗВОДСТВЕННЫЕ",$K80,0) -> 0 | U80: =IF($H80="ТЕХНИЧЕСКИЕ",$K80,0) -> 0 | V80: =IF($H80="ТЕХНОЛОГИЧЕСКИЕ",$K80,0) -> 0 | W80: =IF($H80="ЛАБОРАТОРНЫЕ",$K80,0) -> 0 | X80: =IF($H80="СЫРЬЕВЫЕ",$K80,0) -> 0 | Y80: =IF($H80="ЛОГИСТИЧЕСКИЕ",$K80,0) -> 0 | Z80: =IF($H80="ОБЩЕЗАВОДСКИЕ",$K80,0) -> 0
A81: =A40 -> 0 | B81: =B27 -> 0 | C81: =B81+1/24 -> 0.041666667 | K81: =(J81-I81+(J81<I81))*24*60 -> 0 | O81: =IF(H81=$V$5,$F$7,"") | S81: =IF($H81="ПЛАНОВЫЕ",$K81,0) -> 0 | T81: =IF($H81="ПРОИЗВОДСТВЕННЫЕ",$K81,0) -> 0 | U81: =IF($H81="ТЕХНИЧЕСКИЕ",$K81,0) -> 0 | V81: =IF($H81="ТЕХНОЛОГИЧЕСКИЕ",$K81,0) -> 0 | W81: =IF($H81="ЛАБОРАТОРНЫЕ",$K81,0) -> 0 | X81: =IF($H81="СЫРЬЕВЫЕ",$K81,0) -> 0 | Y81: =IF($H81="ЛОГИСТИЧЕСКИЕ",$K81,0) -> 0 | Z81: =IF($H81="ОБЩЕЗАВОДСКИЕ",$K81,0) -> 0
B82: =C81 -> 0.041666667 | C82: =B82+1/24 -> 0.083333333 | K82: =(J82-I82+(J82<I82))*24*60 -> 0 | O82: =IF(H82=$V$5,$F$7,"") | S82: =IF($H82="ПЛАНОВЫЕ",$K82,0) -> 0 | T82: =IF($H82="ПРОИЗВОДСТВЕННЫЕ",$K82,0) -> 0 | U82: =IF($H82="ТЕХНИЧЕСКИЕ",$K82,0) -> 0 | V82: =IF($H82="ТЕХНОЛОГИЧЕСКИЕ",$K82,0) -> 0 | W82: =IF($H82="ЛАБОРАТОРНЫЕ",$K82,0) -> 0 | X82: =IF($H82="СЫРЬЕВЫЕ",$K82,0) -> 0 | Y82: =IF($H82="ЛОГИСТИЧЕСКИЕ",$K82,0) -> 0 | Z82: =IF($H82="ОБЩЕЗАВОДСКИЕ",$K82,0) -> 0
B83: =C82 -> 0.083333333 | C83: =B83+1/24 -> 0.125 | K83: =(J83-I83+(J83<I83))*24*60 -> 0 | O83: =IF(H83=$V$5,$F$7,"") | S83: =IF($H83="ПЛАНОВЫЕ",$K83,0) -> 0 | T83: =IF($H83="ПРОИЗВОДСТВЕННЫЕ",$K83,0) -> 0 | U83: =IF($H83="ТЕХНИЧЕСКИЕ",$K83,0) -> 0 | V83: =IF($H83="ТЕХНОЛОГИЧЕСКИЕ",$K83,0) -> 0 | W83: =IF($H83="ЛАБОРАТОРНЫЕ",$K83,0) -> 0 | X83: =IF($H83="СЫРЬЕВЫЕ",$K83,0) -> 0 | Y83: =IF($H83="ЛОГИСТИЧЕСКИЕ",$K83,0) -> 0 | Z83: =IF($H83="ОБЩЕЗАВОДСКИЕ",$K83,0) -> 0
B84: =C83 -> 0.125 | C84: =B84+1/24 -> 0.16666667 | K84: =(J84-I84+(J84<I84))*24*60 -> 0 | O84: =IF(H84=$V$5,$F$7,"") | S84: =IF($H84="ПЛАНОВЫЕ",$K84,0) -> 0 | T84: =IF($H84="ПРОИЗВОДСТВЕННЫЕ",$K84,0) -> 0 | U84: =IF($H84="ТЕХНИЧЕСКИЕ",$K84,0) -> 0 | V84: =IF($H84="ТЕХНОЛОГИЧЕСКИЕ",$K84,0) -> 0 | W84: =IF($H84="ЛАБОРАТОРНЫЕ",$K84,0) -> 0 | X84: =IF($H84="СЫРЬЕВЫЕ",$K84,0) -> 0 | Y84: =IF($H84="ЛОГИСТИЧЕСКИЕ",$K84,0) -> 0 | Z84: =IF($H84="ОБЩЕЗАВОДСКИЕ",$K84,0) -> 0
B85: =C84 -> 0.16666667 | C85: =B85+1/24 -> 0.20833333 | K85: =(J85-I85+(J85<I85))*24*60 -> 0 | O85: =IF(H85=$V$5,$F$7,"") | S85: =IF($H85="ПЛАНОВЫЕ",$K85,0) -> 0 | T85: =IF($H85="ПРОИЗВОДСТВЕННЫЕ",$K85,0) -> 0 | U85: =IF($H85="ТЕХНИЧЕСКИЕ",$K85,0) -> 0 | V85: =IF($H85="ТЕХНОЛОГИЧЕСКИЕ",$K85,0) -> 0 | W85: =IF($H85="ЛАБОРАТОРНЫЕ",$K85,0) -> 0 | X85: =IF($H85="СЫРЬЕВЫЕ",$K85,0) -> 0 | Y85: =IF($H85="ЛОГИСТИЧЕСКИЕ",$K85,0) -> 0 | Z85: =IF($H85="ОБЩЕЗАВОДСКИЕ",$K85,0) -> 0
B86: =C85 -> 0.20833333 | C86: =B86+1/24 -> 0.25 | K86: =(J86-I86+(J86<I86))*24*60 -> 0 | O86: =IF(H86=$V$5,$F$7,"") | S86: =IF($H86="ПЛАНОВЫЕ",$K86,0) -> 0 | T86: =IF($H86="ПРОИЗВОДСТВЕННЫЕ",$K86,0) -> 0 | U86: =IF($H86="ТЕХНИЧЕСКИЕ",$K86,0) -> 0 | V86: =IF($H86="ТЕХНОЛОГИЧЕСКИЕ",$K86,0) -> 0 | W86: =IF($H86="ЛАБОРАТОРНЫЕ",$K86,0) -> 0 | X86: =IF($H86="СЫРЬЕВЫЕ",$K86,0) -> 0 | Y86: =IF($H86="ЛОГИСТИЧЕСКИЕ",$K86,0) -> 0 | Z86: =IF($H86="ОБЩЕЗАВОДСКИЕ",$K86,0) -> 0
B87: =C86 -> 0.25 | C87: =B87+1/24 -> 0.29166667 | K87: =(J87-I87+(J87<I87))*24*60 -> 0 | O87: =IF(H87=$V$5,$F$7,"") | S87: =IF($H87="ПЛАНОВЫЕ",$K87,0) -> 0 | T87: =IF($H87="ПРОИЗВОДСТВЕННЫЕ",$K87,0) -> 0 | U87: =IF($H87="ТЕХНИЧЕСКИЕ",$K87,0) -> 0 | V87: =IF($H87="ТЕХНОЛОГИЧЕСКИЕ",$K87,0) -> 0 | W87: =IF($H87="ЛАБОРАТОРНЫЕ",$K87,0) -> 0 | X87: =IF($H87="СЫРЬЕВЫЕ",$K87,0) -> 0 | Y87: =IF($H87="ЛОГИСТИЧЕСКИЕ",$K87,0) -> 0 | Z87: =IF($H87="ОБЩЕЗАВОДСКИЕ",$K87,0) -> 0
B88: =C87 -> 0.29166667 | C88: =B88+1/24 -> 0.33333333 | K88: =(J88-I88+(J88<I88))*24*60 -> 0 | O88: =IF(H88=$V$5,$F$7,"") | S88: =IF($H88="ПЛАНОВЫЕ",$K88,0) -> 0 | T88: =IF($H88="ПРОИЗВОДСТВЕННЫЕ",$K88,0) -> 0 | U88: =IF($H88="ТЕХНИЧЕСКИЕ",$K88,0) -> 0 | V88: =IF($H88="ТЕХНОЛОГИЧЕСКИЕ",$K88,0) -> 0 | W88: =IF($H88="ЛАБОРАТОРНЫЕ",$K88,0) -> 0 | X88: =IF($H88="СЫРЬЕВЫЕ",$K88,0) -> 0 | Y88: =IF($H88="ЛОГИСТИЧЕСКИЕ",$K88,0) -> 0 | Z88: =IF($H88="ОБЩЕЗАВОДСКИЕ",$K88,0) -> 0
B89: =C88 -> 0.33333333 | C89: =B89+1/24 -> 0.375 | K89: =(J89-I89+(J89<I89))*24*60 -> 0 | O89: =IF(H89=$V$5,$F$7,"") | S89: =IF($H89="ПЛАНОВЫЕ",$K89,0) -> 0 | T89: =IF($H89="ПРОИЗВОДСТВЕННЫЕ",$K89,0) -> 0 | U89: =IF($H89="ТЕХНИЧЕСКИЕ",$K89,0) -> 0 | V89: =IF($H89="ТЕХНОЛОГИЧЕСКИЕ",$K89,0) -> 0 | W89: =IF($H89="ЛАБОРАТОРНЫЕ",$K89,0) -> 0 | X89: =IF($H89="СЫРЬЕВЫЕ",$K89,0) -> 0 | Y89: =IF($H89="ЛОГИСТИЧЕСКИЕ",$K89,0) -> 0 | Z89: =IF($H89="ОБЩЕЗАВОДСКИЕ",$K89,0) -> 0
B90: =C89 -> 0.375 | C90: =B90+1/24 -> 0.41666667 | K90: =(J90-I90+(J90<I90))*24*60 -> 0 | O90: =IF(H90=$V$5,$F$7,"") | S90: =IF($H90="ПЛАНОВЫЕ",$K90,0) -> 0 | T90: =IF($H90="ПРОИЗВОДСТВЕННЫЕ",$K90,0) -> 0 | U90: =IF($H90="ТЕХНИЧЕСКИЕ",$K90,0) -> 0 | V90: =IF($H90="ТЕХНОЛОГИЧЕСКИЕ",$K90,0) -> 0 | W90: =IF($H90="ЛАБОРАТОРНЫЕ",$K90,0) -> 0 | X90: =IF($H90="СЫРЬЕВЫЕ",$K90,0) -> 0 | Y90: =IF($H90="ЛОГИСТИЧЕСКИЕ",$K90,0) -> 0 | Z90: =IF($H90="ОБЩЕЗАВОДСКИЕ",$K90,0) -> 0
B91: =C90 -> 0.41666667 | C91: =B91+1/24 -> 0.45833333 | K91: =(J91-I91+(J91<I91))*24*60 -> 0 | O91: =IF(H91=$V$5,$F$7,"") | S91: =IF($H91="ПЛАНОВЫЕ",$K91,0) -> 0 | T91: =IF($H91="ПРОИЗВОДСТВЕННЫЕ",$K91,0) -> 0 | U91: =IF($H91="ТЕХНИЧЕСКИЕ",$K91,0) -> 0 | V91: =IF($H91="ТЕХНОЛОГИЧЕСКИЕ",$K91,0) -> 0 | W91: =IF($H91="ЛАБОРАТОРНЫЕ",$K91,0) -> 0 | X91: =IF($H91="СЫРЬЕВЫЕ",$K91,0) -> 0 | Y91: =IF($H91="ЛОГИСТИЧЕСКИЕ",$K91,0) -> 0 | Z91: =IF($H91="ОБЩЕЗАВОДСКИЕ",$K91,0) -> 0
